Workbook

Sheet Trang tính1
A1: TT | B1: Họ và tên | C1: MSV | D1: Lớp | E1: Email | F1: Số điện thoại | G1: Năm 1 | K1: Năm 2 | O1: Năm 3 | S1: Năm 4 | T1: GPA
G2: Triết Học Mác-lênin(3) | H2: Tin đại cương(3) | I2: Giải tích(2) | J2: Đại số tuyến tính(3) | K2: Thiết kế web(3) | L2: Lập trình hướng đối tượng(3) | M2: Cấu trúc dữ liệu và giải thuật(3) | N2: Tư tưởng Hồ Chí Minh(2) | O2: Lập trình Web(3) | P2: Lập trình trực quan(3) | Q2: Thuật toán và ứng dụng(3) | R2: Mạng máy tính(3) | S2: Bảo vệ đồ án(10)
A3: =ROW()-2 | B3: CHU ĐỨC ÁNH | C3: 251230808 | D3: Công nghệ thông tin 1 K66 | E3: anh251230808@lms.utc.edu.vn | F3: 0987650003 | G3: 2.7 | H3: 3.2 | I3: 3.3 | J3: 3.2 | K3: 2.5 | L3: 2.8 | M3: 2.4 | N3: 2.3 | O3: 2 | P3: 3.1 | Q3: 2.6 | R3: 2.4 | S3: 3.8 | T3: =(G3*3 + H3*3 + I3*2 + J3*3 + K3*3 + L3*3 + M3*3 + N3*2 + O3*3 + P3*3 + Q3*3 + R3*3 + S3*10) / 44
A4: =ROW()-2 | B4: LÊ QUANG ANH | C4: 251210800 | D4: Công nghệ thông tin 1 K66 | E4: anh251210800@lms.utc.edu.vn | F4: 0987650004 | G4: 3.4 | H4: 2.7 | I4: 2.4 | J4: 3.3 | K4: 1.9 | L4: 2.1 | M4: 3.4 | N4: 4 | O4: 3.9 | P4: 3.8 | Q4: 2.1 | R4: 3.9 | S4: 2.4 | T4: =(G4*3 + H4*3 + I4*2 + J4*3 + K4*3 + L4*3 + M4*3 + N4*2 + O4*3 + P4*3 + Q4*3 + R4*3 + S4*10) / 44
A5: =ROW()-2 | B5: NGÔ AN ĐỨC ANH | C5: 251230801 | D5: Công nghệ thông tin 1 K66 | E5: anh251230801@lms.utc.edu.vn | F5: 0987650005 | G5: 2 | H5: 3.2 | I5: 1.9 | J5: 3.3 | K5: 2.4 | L5: 3.7 | M5: 3.9 | N5: 3.5 | O5: 4 | P5: 2.4 | Q5: 2.7 | R5: 2.6 | S5: 3.7 | T5: =(G5*3 + H5*3 + I5*2 + J5*3 + K5*3 + L5*3 + M5*3 + N5*2 + O5*3 + P5*3 + Q5*3 + R5*3 + S5*10) / 44
A6: =ROW()-2 | B6: TÔ VIỆT ANH | C6: 251230807 | D6: Công nghệ thông tin 1 K66 | E6: anh251230807@lms.utc.edu.vn | F6: 0987650006 | G6: 1.8 | H6: 1.8 | I6: 3.1 | J6: 0.4 | K6: 2 | L6: 2.9 | M6: 3.8 | N6: 2.4 | O6: 2.6 | P6: 2.2 | Q6: 3.8 | R6: 3.4 | S6: 3.8 | T6: =(G6*3 + H6*3 + I6*2 + J6*3 + K6*3 + L6*3 + M6*3 + N6*2 + O6*3 + P6*3 + Q6*3 + R6*3 + S6*10) / 44
A7: =ROW()-2 | B7: TRẦN MẬU BẮC | C7: 251230813 | D7: Công nghệ thông tin 1 K66 | E7: bac251230813@lms.utc.edu.vn | F7: 0987650007 | G7: 2.1 | H7: 2.5 | I7: 2 | J7: 1 | K7: 2.1 | L7: 2.9 | M7: 3.1 | N7: 4 | O7: 2.6 | P7: 1.8 | Q7: 3.4 | R7: 3.8 | S7: 3.8 | T7: =(G7*3 + H7*3 + I7*2 + J7*3 + K7*3 + L7*3 + M7*3 + N7*2 + O7*3 + P7*3 + Q7*3 + R7*3 + S7*10) / 44
A8: =ROW()-2 | B8: NGUYỄN VĂN CHÍ BẢO | C8: 251230811 | D8: Công nghệ thông tin 1 K66 | E8: bao251230811@lms.utc.edu.vn | F8: 0987650008 | G8: 1.9 | H8: 2.1 | I8: 3.5 | J8: 0.9 | K8: 3.8 | L8: 3.4 | M8: 2.9 | N8: 2.1 | O8: 3.8 | P8: 3.2 | Q8: 3.9 | R8: 3.6 | S8: 3.9 | T8: =(G8*3 + H8*3 + I8*2 + J8*3 + K8*3 + L8*3 + M8*3 + N8*2 + O8*3 + P8*3 + Q8*3 + R8*3 + S8*10) / 44
A9: =ROW()-2 | B9: NGUYỄN VĂN GIA BẢO | C9: 251230812 | D9: Công nghệ thông tin 1 K66 | E9: bao251230812@lms.utc.edu.vn | F9: 0987650009 | G9: 2 | H9: 2.1 | I9: 3.5 | J9: 1.3 | K9: 2.7 | L9: 2.5 | M9: 2.1 | N9: 3.8 | O9: 3.3 | P9: 2.8 | Q9: 3.9 | R9: 2.2 | S9: 3.4 | T9: =(G9*3 + H9*3 + I9*2 + J9*3 + K9*3 + L9*3 + M9*3 + N9*2 + O9*3 + P9*3 + Q9*3 + R9*3 + S9*10) / 44
A10: =ROW()-2 | B10: NGUYỄN ĐỨC CƯƠNG | C10: 251210818 | D10: Công nghệ thông tin 1 K66 | E10: cuong251210818@lms.utc.edu.vn | F10: 0987650010 | G10: 3.4 | H10: 3.5 | I10: 3.9 | J10: 0.5 | K10: 3.4 | L10: 3.5 | M10: 3.4 | N10: 3.7 | O10: 3.4 | P10: 1.9 | Q10: 2.8 | R10: 2.8 | S10: 3 | T10: =(G10*3 + H10*3 + I10*2 + J10*3 + K10*3 + L10*3 + M10*3 + N10*2 + O10*3 + P10*3 + Q10*3 + R10*3 + S10*10) / 44
A11: =ROW()-2 | B11: VŨ MẠNH CƯỜNG | C11: 251230821 | D11: Công nghệ thông tin 1 K66 | E11: cuong251230821@lms.utc.edu.vn | F11: 0987650011 | G11: 2.1 | H11: 2.5 | I11: 3.9 | J11: 2.8 | K11: 3.3 | L11: 3 | M11: 3.1 | N11: 4 | O11: 3.8 | P11: 2.4 | Q11: 1.9 | R11: 3.5 | S11: 3.8 | T11: =(G11*3 + H11*3 + I11*2 + J11*3 + K11*3 + L11*3 + M11*3 + N11*2 + O11*3 + P11*3 + Q11*3 + R11*3 + S11*10) / 44
A12: =ROW()-2 | B12: NGUYỄN KHÁNH DOANH | C12: 251230822 | D12: Công nghệ thông tin 1 K66 | E12: doanh251230822@lms.utc.edu.vn | F12: 0987650012 | G12: 2.1 | H12: 3.4 | I12: 3.3 | J12: 0.3 | K12: 3.6 | L12: 2.5 | M12: 1.8 | N12: 2.5 | O12: 2.6 | P12: 2.6 | Q12: 2.3 | R12: 3.7 | S12: 2.3 | T12: =(G12*3 + H12*3 + I12*2 + J12*3 + K12*3 + L12*3 + M12*3 + N12*2 + O12*3 + P12*3 + Q12*3 + R12*3 + S12*10) / 44
A13: =ROW()-2 | B13: ĐỖ QUANG DŨNG | C13: 251210825 | D13: Công nghệ thông tin 1 K66 | E13: dung251210825@lms.utc.edu.vn | F13: 0987650013 | G13: 3.1 | H13: 3.1 | I13: 2 | J13: 2.7 | K13: 2.2 | L13: 3.2 | M13: 2.4 | N13: 2.5 | O13: 2.9 | P13: 3.3 | Q13: 2.3 | R13: 2.6 | S13: 2.6 | T13: =(G13*3 + H13*3 + I13*2 + J13*3 + K13*3 + L13*3 + M13*3 + N13*2 + O13*3 + P13*3 + Q13*3 + R13*3 + S13*10) / 44
A14: =ROW()-2 | B14: NGUYỄN TÙNG DƯƠNG | C14: 251210833 | D14: Công nghệ thông tin 1 K66 | E14: duong251210833@lms.utc.edu.vn | F14: 0987650014 | G14: 3 | H14: 2.6 | I14: 2.3 | J14: 3.1 | K14: 3 | L14: 2 | M14: 2.9 | N14: 2.4 | O14: 2.2 | P14: 3.6 | Q14: 2.5 | R14: 2.6 | S14: 3.7 | T14: =(G14*3 + H14*3 + I14*2 + J14*3 + K14*3 + L14*3 + M14*3 + N14*2 + O14*3 + P14*3 + Q14*3 + R14*3 + S14*10) / 44
... A257: =ROW()-2 | B257: NGUYỄN ĐĂNG VIỆT | C257: 253610701 | D257: Khoa học máy tính K66 | E257: viet253610701@lms.utc.edu.vn | F257: 0987650257 | G257: 1.8 | H257: 2.4 | I257: 2.2 | J257: 0.4 | K257: 1.9 | L257: 1.9 | M257: 3.3 | N257: 2.3 | O257: 4 | P257: 3.9 | Q257: 3.1 | R257: 3.5 | S257: 2.5 | T257: =(G257*3 + H257*3 + I257*2 + J257*3 + K257*3 + L257*3 + M257*3 + N257*2 + O257*3 + P257*3 + Q257*3 + R257*3 + S257*10) / 44

Sheet TKB Chính Thức (Ban Ngày)
A1: THỜI KHÓA BIỂU CHÍNH THỨC (4 CA BAN NGÀY)
A3: Năm học | B3: Lớp | C3: Môn học | D3: Thứ học | E3: Ca học ban ngày
A4: Năm 1 | B4: Công nghệ thông tin 1 K66 | C4: Triết Học Mác-lênin(3) | D4: Thứ 2 | E4: Ca 4 (Tiết 10-12)
A5: Năm 1 | B5: Công nghệ thông tin 1 K66 | C5: Tin đại cương(3) | D5: Thứ 4 | E5: Ca 3 (Tiết 7-9)
A6: Năm 1 | B6: Công nghệ thông tin 1 K66 | C6: Giải tích(2) | D6: Thứ 6 | E6: Ca 1 (Tiết 1-3)
A7: Năm 1 | B7: Công nghệ thông tin 1 K66 | C7: Đại số tuyến tính(3) | D7: Thứ 7 | E7: Ca 1 (Tiết 1-3)
A8: Năm 1 | B8: Công nghệ thông tin 2 K66 | C8: Triết Học Mác-lênin(3) | D8: Thứ 2 | E8: Ca 4 (Tiết 10-12)
A9: Năm 1 | B9: Công nghệ thông tin 2 K66 | C9: Tin đại cương(3) | D9: Thứ 3 | E9: Ca 4 (Tiết 10-12)
A10: Năm 1 | B10: Công nghệ thông tin 2 K66 | C10: Giải tích(2) | D10: Thứ 6 | E10: Ca 4 (Tiết 10-12)
A11: Năm 1 | B11: Công nghệ thông tin 2 K66 | C11: Đại số tuyến tính(3) | D11: Thứ 6 | E11: Ca 2 (Tiết 4-6)
A12: Năm 1 | B12: Công nghệ thông tin 3 K66 | C12: Triết Học Mác-lênin(3) | D12: Thứ 5 | E12: Ca 2 (Tiết 4-6)
A13: Năm 1 | B13: Công nghệ thông tin 3 K66 | C13: Tin đại cương(3) | D13: Thứ 6 | E13: Ca 3 (Tiết 7-9)
A14: Năm 1 | B14: Công nghệ thông tin 3 K66 | C14: Giải tích(2) | D14: Thứ 6 | E14: Ca 2 (Tiết 4-6)
... A55: Năm 4 | B55: Khoa học máy tính K66 | C55: Bảo vệ đồ án(10) | D55: Thứ 5 | E55: Ca 3 (Tiết 7-9)

Sheet Lịch Phụ Đạo Tối (GPA < 2.0)
A1: LỊCH HỌC PHỤ ĐẠO BUỔI TỐI (DÀNH CHO SV CÓ ĐIỂM MÔN < 2.0)
A3: Năm học | B3: Môn học phụ đạo | C3: Thứ học | D3: Ca học buổi tối | E3: Đối tượng tham gia
A4: Năm 1 | B4: Triết Học Mác-lênin(3) | C4: Thứ 5 | D4: Ca Tối (18:00 - 20:00) | E4: Tất cả SV các lớp có điểm môn < 2.0 (Học chung ca)
A5: Năm 1 | B5: Tin đại cương(3) | C5: Thứ 2 | D5: Ca Tối (18:00 - 20:00) | E5: Tất cả SV các lớp có điểm môn < 2.0 (Học chung ca)
A6: Năm 1 | B6: Giải tích(2) | C6: Thứ 7 | D6: Ca Tối (18:00 - 20:00) | E6: Tất cả SV các lớp có điểm môn < 2.0 (Học chung ca)
A7: Năm 1 | B7: Đại số tuyến tính(3) | C7: Thứ 4 | D7: Ca Tối (18:00 - 20:00) | E7: Tất cả SV các lớp có điểm môn < 2.0 (Học chung ca)
A8: Năm 2 | B8: Thiết kế web(3) | C8: Thứ 6 | D8: Ca Tối (18:00 - 20:00) | E8: Tất cả SV các lớp có điểm môn < 2.0 (Học chung ca)
A9: Năm 2 | B9: Lập trình hướng đối tượng(3) | C9: Thứ 5 | D9: Ca Tối (18:00 - 20:00) | E9: Tất cả SV các lớp có điểm môn < 2.0 (Học chung ca)
A10: Năm 2 | B10: Cấu trúc dữ liệu và giải thuật(3) | C10: Thứ 2 | D10: Ca Tối (18:00 - 20:00) | E10: Tất cả SV các lớp có điểm môn < 2.0 (Học chung ca)
A11: Năm 2 | B11: Tư tưởng Hồ Chí Minh(2) | C11: Thứ 3 | D11: Ca Tối (18:00 - 20:00) | E11: Tất cả SV các lớp có điểm môn < 2.0 (Học chung ca)
A12: Năm 3 | B12: Lập trình Web(3) | C12: Thứ 6 | D12: Ca Tối (18:00 - 20:00) | E12: Tất cả SV các lớp có điểm môn < 2.0 (Học chung ca)
A13: Năm 3 | B13: Lập trình trực quan(3) | C13: Thứ 7 | D13: Ca Tối (18:00 - 20:00) | E13: Tất cả SV các lớp có điểm môn < 2.0 (Học chung ca)
A14: Năm 3 | B14: Thuật toán và ứng dụng(3) | C14: Thứ 5 | D14: Ca Tối (18:00 - 20:00) | E14: Tất cả SV các lớp có điểm môn < 2.0 (Học chung ca)
... A16: Năm 4 | B16: Bảo vệ đồ án(10) | C16: Thứ 6 | D16: Ca Tối (18:00 - 20:00) | E16: Tất cả SV các lớp có điểm môn < 2.0 (Học chung ca)

Sheet Danh Sách SV Phụ Đạo Tối
A1: DANH SÁCH SINH VIÊN BẮC BUỘC HỌC PHỤ ĐẠO BUỔI TỐI (ĐIỂM MÔN < 2.0)
A3: MSV | B3: Họ và tên | C3: Lớp | D3: Năm học | E3: Môn học cần phụ đạo | F3: Điểm HP | G3: Lịch học phụ đạo tối
A4: 251210800 | B4: LÊ QUANG ANH | C4: Công nghệ thông tin 1 K66 | D4: Năm 2 | E4: Thiết kế web(3) | F4: 1.9 | G4: Thứ 6 (Ca Tối (18:00 - 20:00))
A5: 251230801 | B5: NGÔ AN ĐỨC ANH | C5: Công nghệ thông tin 1 K66 | D5: Năm 1 | E5: Giải tích(2) | F5: 1.9 | G5: Thứ 7 (Ca Tối (18:00 - 20:00))
A6: 251230807 | B6: TÔ VIỆT ANH | C6: Công nghệ thông tin 1 K66 | D6: Năm 1 | E6: Triết Học Mác-lênin(3) | F6: 1.8 | G6: Thứ 5 (Ca Tối (18:00 - 20:00))
A7: 251230807 | B7: TÔ VIỆT ANH | C7: Công nghệ thông tin 1 K66 | D7: Năm 1 | E7: Tin đại cương(3) | F7: 1.8 | G7: Thứ 2 (Ca Tối (18:00 - 20:00))
A8: 251230807 | B8: TÔ VIỆT ANH | C8: Công nghệ thông tin 1 K66 | D8: Năm 1 | E8: Đại số tuyến tính(3) | F8: 0.4 | G8: Thứ 4 (Ca Tối (18:00 - 20:00))
A9: 251230813 | B9: TRẦN MẬU BẮC | C9: Công nghệ thông tin 1 K66 | D9: Năm 1 | E9: Đại số tuyến tính(3) | F9: 1 | G9: Thứ 4 (Ca Tối (18:00 - 20:00))
A10: 251230813 | B10: TRẦN MẬU BẮC | C10: Công nghệ thông tin 1 K66 | D10: Năm 3 | E10: Lập trình trực quan(3) | F10: 1.8 | G10: Thứ 7 (Ca Tối (18:00 - 20:00))
A11: 251230811 | B11: NGUYỄN VĂN CHÍ BẢO | C11: Công nghệ thông tin 1 K66 | D11: Năm 1 | E11: Triết Học Mác-lênin(3) | F11: 1.9 | G11: Thứ 5 (Ca Tối (18:00 - 20:00))
A12: 251230811 | B12: NGUYỄN VĂN CHÍ BẢO | C12: Công nghệ thông tin 1 K66 | D12: Năm 1 | E12: Đại số tuyến tính(3) | F12: 0.9 | G12: Thứ 4 (Ca Tối (18:00 - 20:00))
A13: 251230812 | B13: NGUYỄN VĂN GIA BẢO | C13: Công nghệ thông tin 1 K66 | D13: Năm 1 | E13: Đại số tuyến tính(3) | F13: 1.3 | G13: Thứ 4 (Ca Tối (18:00 - 20:00))
A14: 251210818 | B14: NGUYỄN ĐỨC CƯƠNG | C14: Công nghệ thông tin 1 K66 | D14: Năm 1 | E14: Đại số tuyến tính(3) | F14: 0.5 | G14: Thứ 4 (Ca Tối (18:00 - 20:00))
A15: 251210818 | B15: NGUYỄN ĐỨC CƯƠNG | C15: Công nghệ thông tin 1 K66 | D15: Năm 3 | E15: Lập trình trực quan(3) | F15: 1.9 | G15: Thứ 7 (Ca Tối (18:00 - 20:00))
... A381: 253610701 | B381: NGUYỄN ĐĂNG VIỆT | C381: Khoa học máy tính K66 | D381: Năm 2 | E381: Lập trình hướng đối tượng(3) | F381: 1.9 | G381: Thứ 5 (Ca Tối (18:00 - 20:00))

Sheet Cấu Hình Học Phí
A1: CẤU HÌNH HỌC PHÍ
A3: Học phí cơ bản / môn (Năm 1) | B3: 550000
A4: Mức tăng mỗi năm | B4: 0.1
A5: Phí phụ đạo / môn (điểm < 2.0) | B5: 1000000
A7: Năm học | B7: Đơn giá / môn | C7: Năm học (niên khóa)
A8: Năm 1 | B8: =ROUND($B$3*(1+$B$4)^0,0) | C8: 2025_2026
A9: Năm 2 | B9: =ROUND($B$3*(1+$B$4)^1,0) | C9: 2026_2027
A10: Năm 3 | B10: =ROUND($B$3*(1+$B$4)^2,0) | C10: 2027_2028
A11: Năm 4 | B11: =ROUND($B$3*(1+$B$4)^3,0) | C11: 2028_2029

Sheet Chi Tiết Học Phí
A1: CHI TIẾT HỌC PHÍ THEO NĂM HỌC
A3: MSV | B3: Họ và tên | C3: Lớp | D3: Năm học | E3: Niên khóa | F3: Số môn | G3: Đơn giá / môn | H3: Học phí môn học | I3: Số môn phụ đạo | J3: Phí phụ đạo | K3: Miễn giảm | L3: Phải nộp | M3: Đã nộp | N3: Đã rút | O3: Thừa | P3: Còn nợ | Q3: Hạn nộp | R3: Số phiếu thu | S3: Ghi chú
A4: 251230808 | B4: CHU ĐỨC ÁNH | C4: Công nghệ thông tin 1 K66 | D4: Năm 1 | E4: 2025_2026 | F4: 4 | G4: =VLOOKUP(D4,'Cấu Hình Học Phí'!$A$8:$B$11,2,FALSE) | H4: =F4*G4 | I4: 0 | J4: =I4*'Cấu Hình Học Phí'!$B$5 | K4: 0 | L4: =H4+J4-K4 | M4: 2200000 | N4: 0 | O4: =MAX(0,M4-N4-L4) | P4: =MAX(0,L4-(M4-N4)) | Q4: 30/09/2025 | R4: PT2025-00001
A5: 251230808 | B5: CHU ĐỨC ÁNH | C5: Công nghệ thông tin 1 K66 | D5: Năm 2 | E5: 2026_2027 | F5: 4 | G5: =VLOOKUP(D5,'Cấu Hình Học Phí'!$A$8:$B$11,2,FALSE) | H5: =F5*G5 | I5: 0 | J5: =I5*'Cấu Hình Học Phí'!$B$5 | K5: 0 | L5: =H5+J5-K5 | M5: 2420000 | N5: 0 | O5: =MAX(0,M5-N5-L5) | P5: =MAX(0,L5-(M5-N5)) | Q5: 30/09/2026 | R5: PT2026-00002
A6: 251230808 | B6: CHU ĐỨC ÁNH | C6: Công nghệ thông tin 1 K66 | D6: Năm 3 | E6: 2027_2028 | F6: 4 | G6: =VLOOKUP(D6,'Cấu Hình Học Phí'!$A$8:$B$11,2,FALSE) | H6: =F6*G6 | I6: 0 | J6: =I6*'Cấu Hình Học Phí'!$B$5 | K6: 0 | L6: =H6+J6-K6 | M6: 2662000 | N6: 0 | O6: =MAX(0,M6-N6-L6) | P6: =MAX(0,L6-(M6-N6)) | Q6: 30/09/2027 | R6: PT2027-00003
A7: 251230808 | B7: CHU ĐỨC ÁNH | C7: Công nghệ thông tin 1 K66 | D7: Năm 4 | E7: 2028_2029 | F7: 1 | G7: =VLOOKUP(D7,'Cấu Hình Học Phí'!$A$8:$B$11,2,FALSE) | H7: =F7*G7 | I7: 0 | J7: =I7*'Cấu Hình Học Phí'!$B$5 | K7: 0 | L7: =H7+J7-K7 | M7: 732050 | N7: 0 | O7: =MAX(0,M7-N7-L7) | P7: =MAX(0,L7-(M7-N7)) | Q7: 30/09/2028 | R7: PT2028-00004
A8: 251210800 | B8: LÊ QUANG ANH | C8: Công nghệ thông tin 1 K66 | D8: Năm 1 | E8: 2025_2026 | F8: 4 | G8: =VLOOKUP(D8,'Cấu Hình Học Phí'!$A$8:$B$11,2,FALSE) | H8: =F8*G8 | I8: 0 | J8: =I8*'Cấu Hình Học Phí'!$B$5 | K8: 0 | L8: =H8+J8-K8 | M8: 2200000 | N8: 0 | O8: =MAX(0,M8-N8-L8) | P8: =MAX(0,L8-(M8-N8)) | Q8: 30/09/2025 | R8: PT2025-00005
A9: 251210800 | B9: LÊ QUANG ANH | C9: Công nghệ thông tin 1 K66 | D9: Năm 2 | E9: 2026_2027 | F9: 4 | G9: =VLOOKUP(D9,'Cấu Hình Học Phí'!$A$8:$B$11,2,FALSE) | H9: =F9*G9 | I9: 1 | J9: =I9*'Cấu Hình Học Phí'!$B$5 | K9: 0 | L9: =H9+J9-K9 | M9: 3420000 | N9: 0 | O9: =MAX(0,M9-N9-L9) | P9: =MAX(0,L9-(M9-N9)) | Q9: 30/09/2026 | R9: PT2026-00006
A10: 251210800 | B10: LÊ QUANG ANH | C10: Công nghệ thông tin 1 K66 | D10: Năm 3 | E10: 2027_2028 | F10: 4 | G10: =VLOOKUP(D10,'Cấu Hình Học Phí'!$A$8:$B$11,2,FALSE) | H10: =F10*G10 | I10: 0 | J10: =I10*'Cấu Hình Học Phí'!$B$5 | K10: 0 | L10: =H10+J10-K10 | M10: 2662000 | N10: 0 | O10: =MAX(0,M10-N10-L10) | P10: =MAX(0,L10-(M10-N10)) | Q10: 30/09/2027 | R10: PT2027-00007
A11: 251210800 | B11: LÊ QUANG ANH | C11: Công nghệ thông tin 1 K66 | D11: Năm 4 | E11: 2028_2029 | F11: 1 | G11: =VLOOKUP(D11,'Cấu Hình Học Phí'!$A$8:$B$11,2,FALSE) | H11: =F11*G11 | I11: 0 | J11: =I11*'Cấu Hình Học Phí'!$B$5 | K11: 0 | L11: =H11+J11-K11 | M11: 732050 | N11: 0 | O11: =MAX(0,M11-N11-L11) | P11: =MAX(0,L11-(M11-N11)) | Q11: 30/09/2028 | R11: PT2028-00008
A12: 251230801 | B12: NGÔ AN ĐỨC ANH | C12: Công nghệ thông tin 1 K66 | D12: Năm 1 | E12: 2025_2026 | F12: 4 | G12: =VLOOKUP(D12,'Cấu Hình Học Phí'!$A$8:$B$11,2,FALSE) | H12: =F12*G12 | I12: 1 | J12: =I12*'Cấu Hình Học Phí'!$B$5 | K12: 0 | L12: =H12+J12-K12 | M12: 3200000 | N12: 0 | O12: =MAX(0,M12-N12-L12) | P12: =MAX(0,L12-(M12-N12)) | Q12: 30/09/2025 | R12: PT2025-00009
A13: 251230801 | B13: NGÔ AN ĐỨC ANH | C13: Công nghệ thông tin 1 K66 | D13: Năm 2 | E13: 2026_2027 | F13: 4 | G13: =VLOOKUP(D13,'Cấu Hình Học Phí'!$A$8:$B$11,2,FALSE) | H13: =F13*G13 | I13: 0 | J13: =I13*'Cấu Hình Học Phí'!$B$5 | K13: 0 | L13: =H13+J13-K13 | M13: 2420000 | N13: 0 | O13: =MAX(0,M13-N13-L13) | P13: =MAX(0,L13-(M13-N13)) | Q13: 30/09/2026 | R13: PT2026-00010
A14: 251230801 | B14: NGÔ AN ĐỨC ANH | C14: Công nghệ thông tin 1 K66 | D14: Năm 3 | E14: 2027_2028 | F14: 4 | G14: =VLOOKUP(D14,'Cấu Hình Học Phí'!$A$8:$B$11,2,FALSE) | H14: =F14*G14 | I14: 0 | J14: =I14*'Cấu Hình Học Phí'!$B$5 | K14: 0 | L14: =H14+J14-K14 | M14: 2662000 | N14: 0 | O14: =MAX(0,M14-N14-L14) | P14: =MAX(0,L14-(M14-N14)) | Q14: 30/09/2027 | R14: PT2027-00011
A15: 251230801 | B15: NGÔ AN ĐỨC ANH | C15: Công nghệ thông tin 1 K66 | D15: Năm 4 | E15: 2028_2029 | F15: 1 | G15: =VLOOKUP(D15,'Cấu Hình Học Phí'!$A$8:$B$11,2,FALSE) | H15: =F15*G15 | I15: 0 | J15: =I15*'Cấu Hình Học Phí'!$B$5 | K15: 0 | L15: =H15+J15-K15 | M15: 732050 | N15: 0 | O15: =MAX(0,M15-N15-L15) | P15: =MAX(0,L15-(M15-N15)) | Q15: 30/09/2028 | R15: PT2028-00012
A16: 251230807 | B16: TÔ VIỆT ANH | C16: Công nghệ thông tin 1 K66 | D16: Năm 1 | E16: 2025_2026 | F16: 4 | G16: =VLOOKUP(D16,'Cấu Hình Học Phí'!$A$8:$B$11,2,FALSE) | H16: =F16*G16 | I16: 3 | J16: =I16*'Cấu Hình Học Phí'!$B$5 | K16: 0 | L16: =H16+J16-K16 | M16: 4200000 | N16: 0 | O16: =MAX(0,M16-N16-L16) | P16: =MAX(0,L16-(M16-N16)) | Q16: 30/09/2025 | R16: PT2025-00013 | S16: Chưa nộp phí phụ đạo 1 môn
A17: 251230807 | B17: TÔ VIỆT ANH | C17: Công nghệ thông tin 1 K66 | D17: Năm 2 | E17: 2026_2027 | F17: 4 | G17: =VLOOKUP(D17,'Cấu Hình Học Phí'!$A$8:$B$11,2,FALSE) | H17: =F17*G17 | I17: 0 | J17: =I17*'Cấu Hình Học Phí'!$B$5 | K17: 0 | L17: =H17+J17-K17 | M17: 2420000 | N17: 0 | O17: =MAX(0,M17-N17-L17) | P17: =MAX(0,L17-(M17-N17)) | Q17: 30/09/2026 | R17: PT2026-00014
A18: 251230807 | B18: TÔ VIỆT ANH | C18: Công nghệ thông tin 1 K66 | D18: Năm 3 | E18: 2027_2028 | F18: 4 | G18: =VLOOKUP(D18,'Cấu Hình Học Phí'!$A$8:$B$11,2,FALSE) | H18: =F18*G18 | I18: 0 | J18: =I18*'Cấu Hình Học Phí'!$B$5 | K18: 0 | L18: =H18+J18-K18 | M18: 2662000 | N18: 0 | O18: =MAX(0,M18-N18-L18) | P18: =MAX(0,L18-(M18-N18)) | Q18: 30/09/2027 | R18: PT2027-00015
A19: 251230807 | B19: TÔ VIỆT ANH | C19: Công nghệ thông tin 1 K66 | D19: Năm 4 | E19: 2028_2029 | F19: 1 | G19: =VLOOKUP(D19,'Cấu Hình Học Phí'!$A$8:$B$11,2,FALSE) | H19: =F19*G19 | I19: 0 | J19: =I19*'Cấu Hình Học Phí'!$B$5 | K19: 0 | L19: =H19+J19-K19 | M19: 732050 | N19: 0 | O19: =MAX(0,M19-N19-L19) | P19: =MAX(0,L19-(M19-N19)) | Q19: 30/09/2028 | R19: PT2028-00016
A20: 251230813 | B20: TRẦN MẬU BẮC | C20: Công nghệ thông tin 1 K66 | D20: Năm 1 | E20: 2025_2026 | F20: 4 | G20: =VLOOKUP(D20,'Cấu Hình Học Phí'!$A$8:$B$11,2,FALSE) | H20: =F20*G20 | I20: 1 | J20: =I20*'Cấu Hình Học Phí'!$B$5 | K20: 0 | L20: =H20+J20-K20 | M20: 2200000 | N20: 0 | O20: =MAX(0,M20-N20-L20) | P20: =MAX(0,L20-(M20-N20)) | Q20: 30/09/2025 | R20: PT2025-00017 | S20: Chưa nộp phí phụ đạo 1 môn
A21: 251230813 | B21: TRẦN MẬU BẮC | C21: Công nghệ thông tin 1 K66 | D21: Năm 2 | E21: 2026_2027 | F21: 4 | G21: =VLOOKUP(D21,'Cấu Hình Học Phí'!$A$8:$B$11,2,FALSE) | H21: =F21*G21 | I21: 0 | J21: =I21*'Cấu Hình Học Phí'!$B$5 | K21: 0 | L21: =H21+J21-K21 | M21: 2420000 | N21: 0 | O21: =MAX(0,M21-N21-L21) | P21: =MAX(0,L21-(M21-N21)) | Q21: 30/09/2026 | R21: PT2026-00018
A22: 251230813 | B22: TRẦN MẬU BẮC | C22: Công nghệ thông tin 1 K66 | D22: Năm 3 | E22: 2027_2028 | F22: 4 | G22: =VLOOKUP(D22,'Cấu Hình Học Phí'!$A$8:$B$11,2,FALSE) | H22: =F22*G22 | I22: 1 | J22: =I22*'Cấu Hình Học Phí'!$B$5 | K22: 0 | L22: =H22+J22-K22 | M22: 2662000 | N22: 0 | O22: =MAX(0,M22-N22-L22) | P22: =MAX(0,L22-(M22-N22)) | Q22: 30/09/2027 | R22: PT2027-00019 | S22: Chưa nộp phí phụ đạo 1 môn
A23: 251230813 | B23: TRẦN MẬU BẮC | C23: Công nghệ thông tin 1 K66 | D23: Năm 4 | E23: 2028_2029 | F23: 1 | G23: =VLOOKUP(D23,'Cấu Hình Học Phí'!$A$8:$B$11,2,FALSE) | H23: =F23*G23 | I23: 0 | J23: =I23*'Cấu Hình Học Phí'!$B$5 | K23: 0 | L23: =H23+J23-K23 | M23: 732050 | N23: 0 | O23: =MAX(0,M23-N23-L23) | P23: =MAX(0,L23-(M23-N23)) | Q23: 30/09/2028 | R23: PT2028-00020
A24: 251230811 | B24: NGUYỄN VĂN CHÍ BẢO | C24: Công nghệ thông tin 1 K66 | D24: Năm 1 | E24: 2025_2026 | F24: 4 | G24: =VLOOKUP(D24,'Cấu Hình Học Phí'!$A$8:$B$11,2,FALSE) | H24: =F24*G24 | I24: 2 | J24: =I24*'Cấu Hình Học Phí'!$B$5 | K24: 0 | L24: =H24+J24-K24 | M24: 3200000 | N24: 0 | O24: =MAX(0,M24-N24-L24) | P24: =MAX(0,L24-(M24-N24)) | Q24: 30/09/2025 | R24: PT2025-00021 | S24: Chưa nộp phí phụ đạo 1 môn
A25: 251230811 | B25: NGUYỄN VĂN CHÍ BẢO | C25: Công nghệ thông tin 1 K66 | D25: Năm 2 | E25: 2026_2027 | F25: 4 | G25: =VLOOKUP(D25,'Cấu Hình Học Phí'!$A$8:$B$11,2,FALSE) | H25: =F25*G25 | I25: 0 | J25: =I25*'Cấu Hình Học Phí'!$B$5 | K25: 0 | L25: =H25+J25-K25 | M25: 2420000 | N25: 0 | O25: =MAX(0,M25-N25-L25) | P25: =MAX(0,L25-(M25-N25)) | Q25: 30/09/2026 | R25: PT2026-00022
A26: 251230811 | B26: NGUYỄN VĂN CHÍ BẢO | C26: Công nghệ thông tin 1 K66 | D26: Năm 3 | E26: 2027_2028 | F26: 4 | G26: =VLOOKUP(D26,'Cấu Hình Học Phí'!$A$8:$B$11,2,FALSE) | H26: =F26*G26 | I26: 0 | J26: =I26*'Cấu Hình Học Phí'!$B$5 | K26: 0 | L26: =H26+J26-K26 | M26: 2662000 | N26: 0 | O26: =MAX(0,M26-N26-L26) | P26: =MAX(0,L26-(M26-N26)) | Q26: 30/09/2027 | R26: PT2027-00023
A27: 251230811 | B27: NGUYỄN VĂN CHÍ BẢO | C27: Công nghệ thông tin 1 K66 | D27: Năm 4 | E27: 2028_2029 | F27: 1 | G27: =VLOOKUP(D27,'Cấu Hình Học Phí'!$A$8:$B$11,2,FALSE) | H27: =F27*G27 | I27: 0 | J27: =I27*'Cấu Hình Học Phí'!$B$5 | K27: 0 | L27: =H27+J27-K27 | M27: 732050 | N27: 0 | O27: =MAX(0,M27-N27-L27) | P27: =MAX(0,L27-(M27-N27)) | Q27: 30/09/2028 | R27: PT2028-00024
A28: 251230812 | B28: NGUYỄN VĂN GIA BẢO | C28: Công nghệ thông tin 1 K66 | D28: Năm 1 | E28: 2025_2026 | F28: 4 | G28: =VLOOKUP(D28,'Cấu Hình Học Phí'!$A$8:$B$11,2,FALSE) | H28: =F28*G28 | I28: 1 | J28: =I28*'Cấu Hình Học Phí'!$B$5 | K28: 0 | L28: =H28+J28-K28 | M28: 2200000 | N28: 0 | O28: =MAX(0,M28-N28-L28) | P28: =MAX(0,L28-(M28-N28)) | Q28: 30/09/2025 | R28: PT2025-00025 | S28: Chưa nộp phí phụ đạo 1 môn
A29: 251230812 | B29: NGUYỄN VĂN GIA BẢO | C29: Công nghệ thông tin 1 K66 | D29: Năm 2 | E29: 2026_2027 | F29: 4 | G29: =VLOOKUP(D29,'Cấu Hình Học Phí'!$A$8:$B$11,2,FALSE) | H29: =F29*G29 | I29: 0 | J29: =I29*'Cấu Hình Học Phí'!$B$5 | K29: 0 | L29: =H29+J29-K29 | M29: 2420000 | N29: 0 | O29: =MAX(0,M29-N29-L29) | P29: =MAX(0,L29-(M29-N29)) | Q29: 30/09/2026 | R29: PT2026-00026
A30: 251230812 | B30: NGUYỄN VĂN GIA BẢO | C30: Công nghệ thông tin 1 K66 | D30: Năm 3 | E30: 2027_2028 | F30: 4 | G30: =VLOOKUP(D30,'Cấu Hình Học Phí'!$A$8:$B$11,2,FALSE) | H30: =F30*G30 | I30: 0 | J30: =I30*'Cấu Hình Học Phí'!$B$5 | K30: 0 | L30: =H30+J30-K30 | M30: 2662000 | N30: 0 | O30: =MAX(0,M30-N30-L30) | P30: =MAX(0,L30-(M30-N30)) | Q30: 30/09/2027 | R30: PT2027-00027
A31: 251230812 | B31: NGUYỄN VĂN GIA BẢO | C31: Công nghệ thông tin 1 K66 | D31: Năm 4 | E31: 2028_2029 | F31: 1 | G31: =VLOOKUP(D31,'Cấu Hình Học Phí'!$A$8:$B$11,2,FALSE) | H31: =F31*G31 | I31: 0 | J31: =I31*'Cấu Hình Học Phí'!$B$5 | K31: 0 | L31: =H31+J31-K31 | M31: 732050 | N31: 0 | O31: =MAX(0,M31-N31-L31) | P31: =MAX(0,L31-(M31-N31)) | Q31: 30/09/2028 | R31: PT2028-00028
A32: 251210818 | B32: NGUYỄN ĐỨC CƯƠNG | C32: Công nghệ thông tin 1 K66 | D32: Năm 1 | E32: 2025_2026 | F32: 4 | G32: =VLOOKUP(D32,'Cấu Hình Học Phí'!$A$8:$B$11,2,FALSE) | H32: =F32*G32 | I32: 1 | J32: =I32*'Cấu Hình Học Phí'!$B$5 | K32: 0 | L32: =H32+J32-K32 | M32: 2200000 | N32: 0 | O32: =MAX(0,M32-N32-L32) | P32: =MAX(0,L32-(M32-N32)) | Q32: 30/09/2025 | R32: PT2025-00029 | S32: Chưa nộp phí phụ đạo 1 môn
A33: 251210818 | B33: NGUYỄN ĐỨC CƯƠNG | C33: Công nghệ thông tin 1 K66 | D33: Năm 2 | E33: 2026_2027 | F33: 4 | G33: =VLOOKUP(D33,'Cấu Hình Học Phí'!$A$8:$B$11,2,FALSE) | H33: =F33*G33 | I33: 0 | J33: =I33*'Cấu Hình Học Phí'!$B$5 | K33: 0 | L33: =H33+J33-K33 | M33: 2420000 | N33: 0 | O33: =MAX(0,M33-N33-L33) | P33: =MAX(0,L33-(M33-N33)) | Q33: 30/09/2026 | R33: PT2026-00030
A34: 251210818 | B34: NGUYỄN ĐỨC CƯƠNG | C34: Công nghệ thông tin 1 K66 | D34: Năm 3 | E34: 2027_2028 | F34: 4 | G34: =VLOOKUP(D34,'Cấu Hình Học Phí'!$A$8:$B$11,2,FALSE) | H34: =F34*G34 | I34: 1 | J34: =I34*'Cấu Hình Học Phí'!$B$5 | K34: 0 | L34: =H34+J34-K34 | M34: 3662000 | N34: 0 | O34: =MAX(0,M34-N34-L34) | P34: =MAX(0,L34-(M34-N34)) | Q34: 30/09/2027 | R34: PT2027-00031
A35: 251210818 | B35: NGUYỄN ĐỨC CƯƠNG | C35: Công nghệ thông tin 1 K66 | D35: Năm 4 | E35: 2028_2029 | F35: 1 | G35: =VLOOKUP(D35,'Cấu Hình Học Phí'!$A$8:$B$11,2,FALSE) | H35: =F35*G35 | I35: 0 | J35: =I35*'Cấu Hình Học Phí'!$B$5 | K35: 0 | L35: =H35+J35-K35 | M35: 732050 | N35: 0 | O35: =MAX(0,M35-N35-L35) | P35: =MAX(0,L35-(M35-N35)) | Q35: 30/09/2028 | R35: PT2028-00032
A36: 251230821 | B36: VŨ MẠNH CƯỜNG | C36: Công nghệ thông tin 1 K66 | D36: Năm 1 | E36: 2025_2026 | F36: 4 | G36: =VLOOKUP(D36,'Cấu Hình Học Phí'!$A$8:$B$11,2,FALSE) | H36: =F36*G36 | I36: 0 | J36: =I36*'Cấu Hình Học Phí'!$B$5 | K36: 0 | L36: =H36+J36-K36 | M36: 2200000 | N36: 0 | O36: =MAX(0,M36-N36-L36) | P36: =MAX(0,L36-(M36-N36)) | Q36: 30/09/2025 | R36: PT2025-00033
A37: 251230821 | B37: VŨ MẠNH CƯỜNG | C37: Công nghệ thông tin 1 K66 | D37: Năm 2 | E37: 2026_2027 | F37: 4 | G37: =VLOOKUP(D37,'Cấu Hình Học Phí'!$A$8:$B$11,2,FALSE) | H37: =F37*G37 | I37: 0 | J37: =I37*'Cấu Hình Học Phí'!$B$5 | K37: 0 | L37: =H37+J37-K37 | M37: 2420000 | N37: 0 | O37: =MAX(0,M37-N37-L37) | P37: =MAX(0,L37-(M37-N37)) | Q37: 30/09/2026 | R37: PT2026-00034
A38: 251230821 | B38: VŨ MẠNH CƯỜNG | C38: Công nghệ thông tin 1 K66 | D38: Năm 3 | E38: 2027_2028 | F38: 4 | G38: =VLOOKUP(D38,'Cấu Hình Học Phí'!$A$8:$B$11,2,FALSE) | H38: =F38*G38 | I38: 1 | J38: =I38*'Cấu Hình Học Phí'!$B$5 | K38: 0 | L38: =H38+J38-K38 | M38: 3662000 | N38: 0 | O38: =MAX(0,M38-N38-L38) | P38: =MAX(0,L38-(M38-N38)) | Q38: 30/09/2027 | R38: PT2027-00035
A39: 251230821 | B39: VŨ MẠNH CƯỜNG | C39: Công nghệ thông tin 1 K66 | D39: Năm 4 | E39: 2028_2029 | F39: 1 | G39: =VLOOKUP(D39,'Cấu Hình Học Phí'!$A$8:$B$11,2,FALSE) | H39: =F39*G39 | I39: 0 | J39: =I39*'Cấu Hình Học Phí'!$B$5 | K39: 0 | L39: =H39+J39-K39 | M39: 732050 | N39: 0 | O39: =MAX(0,M39-N39-L39) | P39: =MAX(0,L39-(M39-N39)) | Q39: 30/09/2028 | R39: PT2028-00036
A40: 251230822 | B40: NGUYỄN KHÁNH DOANH | C40: Công nghệ thông tin 1 K66 | D40: Năm 1 | E40: 2025_2026 | F40: 4 | G40: =VLOOKUP(D40,'Cấu Hình Học Phí'!$A$8:$B$11,2,FALSE) | H40: =F40*G40 | I40: 1 | J40: =I40*'Cấu Hình Học Phí'!$B$5 | K40: 0 | L40: =H40+J40-K40 | M40: 2200000 | N40: 0 | O40: =MAX(0,M40-N40-L40) | P40: =MAX(0,L40-(M40-N40)) | Q40: 30/09/2025 | R40: PT2025-00037 | S40: Chưa nộp phí phụ đạo 1 môn
A41: 251230822 | B41: NGUYỄN KHÁNH DOANH | C41: Công nghệ thông tin 1 K66 | D41: Năm 2 | E41: 2026_2027 | F41: 4 | G41: =VLOOKUP(D41,'Cấu Hình Học Phí'!$A$8:$B$11,2,FALSE) | H41: =F41*G41 | I41: 1 | J41: =I41*'Cấu Hình Học Phí'!$B$5 | K41: 0 | L41: =H41+J41-K41 | M41: 3420000 | N41: 0 | O41: =MAX(0,M41-N41-L41) | P41: =MAX(0,L41-(M41-N41)) | Q41: 30/09/2026 | R41: PT2026-00038
A42: 251230822 | B42: NGUYỄN KHÁNH DOANH | C42: Công nghệ thông tin 1 K66 | D42: Năm 3 | E42: 2027_2028 | F42: 4 | G42: =VLOOKUP(D42,'Cấu Hình Học Phí'!$A$8:$B$11,2,FALSE) | H42: =F42*G42 | I42: 0 | J42: =I42*'Cấu Hình Học Phí'!$B$5 | K42: 0 | L42: =H42+J42-K42 | M42: 2662000 | N42: 0 | O42: =MAX(0,M42-N42-L42) | P42: =MAX(0,L42-(M42-N42)) | Q42: 30/09/2027 | R42: PT2027-00039
A43: 251230822 | B43: NGUYỄN KHÁNH DOANH | C43: Công nghệ thông tin 1 K66 | D43: Năm 4 | E43: 2028_2029 | F43: 1 | G43: =VLOOKUP(D43,'Cấu Hình Học Phí'!$A$8:$B$11,2,FALSE) | H43: =F43*G43 | I43: 0 | J43: =I43*'Cấu Hình Học Phí'!$B$5 | K43: 0 | L43: =H43+J43-K43 | M43: 732050 | N43: 0 | O43: =MAX(0,M43-N43-L43) | P43: =MAX(0,L43-(M43-N43)) | Q43: 30/09/2028 | R43: PT2028-00040
A44: 251210825 | B44: ĐỖ QUANG DŨNG | C44: Công nghệ thông tin 1 K66 | D44: Năm 1 | E44: 2025_2026 | F44: 4 | G44: =VLOOKUP(D44,'Cấu Hình Học Phí'!$A$8:$B$11,2,FALSE) | H44: =F44*G44 | I44: 0 | J44: =I44*'Cấu Hình Học Phí'!$B$5 | K44: 0 | L44: =H44+J44-K44 | M44: 2200000 | N44: 0 | O44: =MAX(0,M44-N44-L44) | P44: =MAX(0,L44-(M44-N44)) | Q44: 30/09/2025 | R44: PT2025-00041
A45: 251210825 | B45: ĐỖ QUANG DŨNG | C45: Công nghệ thông tin 1 K66 | D45: Năm 2 | E45: 2026_2027 | F45: 4 | G45: =VLOOKUP(D45,'Cấu Hình Học Phí'!$A$8:$B$11,2,FALSE) | H45: =F45*G45 | I45: 0 | J45: =I45*'Cấu Hình Học Phí'!$B$5 | K45: 0 | L45: =H45+J45-K45 | M45: 2420000 | N45: 0 | O45: =MAX(0,M45-N45-L45) | P45: =MAX(0,L45-(M45-N45)) | Q45: 30/09/2026 | R45: PT2026-00042
A46: 251210825 | B46: ĐỖ QUANG DŨNG | C46: Công nghệ thông tin 1 K66 | D46: Năm 3 | E46: 2027_2028 | F46: 4 | G46: =VLOOKUP(D46,'Cấu Hình Học Phí'!$A$8:$B$11,2,FALSE) | H46: =F46*G46 | I46: 0 | J46: =I46*'Cấu Hình Học Phí'!$B$5 | K46: 0 | L46: =H46+J46-K46 | M46: 2662000 | N46: 0 | O46: =MAX(0,M46-N46-L46) | P46: =MAX(0,L46-(M46-N46)) | Q46: 30/09/2027 | R46: PT2027-00043
A47: 251210825 | B47: ĐỖ QUANG DŨNG | C47: Công nghệ thông tin 1 K66 | D47: Năm 4 | E47: 2028_2029 | F47: 1 | G47: =VLOOKUP(D47,'Cấu Hình Học Phí'!$A$8:$B$11,2,FALSE) | H47: =F47*G47 | I47: 0 | J47: =I47*'Cấu Hình Học Phí'!$B$5 | K47: 0 | L47: =H47+J47-K47 | M47: 732050 | N47: 0 | O47: =MAX(0,M47-N47-L47) | P47: =MAX(0,L47-(M47-N47)) | Q47: 30/09/2028 | R47: PT2028-00044
A48: 251210833 | B48: NGUYỄN TÙNG DƯƠNG | C48: Công nghệ thông tin 1 K66 | D48: Năm 1 | E48: 2025_2026 | F48: 4 | G48: =VLOOKUP(D48,'Cấu Hình Học Phí'!$A$8:$B$11,2,FALSE) | H48: =F48*G48 | I48: 0 | J48: =I48*'Cấu Hình Học Phí'!$B$5 | K48: 0 | L48: =H48+J48-K48 | M48: 2200000 | N48: 0 | O48: =MAX(0,M48-N48-L48) | P48: =MAX(0,L48-(M48-N48)) | Q48: 30/09/2025 | R48: PT2025-00045
A49: 251210833 | B49: NGUYỄN TÙNG DƯƠNG | C49: Công nghệ thông tin 1 K66 | D49: Năm 2 | E49: 2026_2027 | F49: 4 | G49: =VLOOKUP(D49,'Cấu Hình Học Phí'!$A$8:$B$11,2,FALSE) | H49: =F49*G49 | I49: 0 | J49: =I49*'Cấu Hình Học Phí'!$B$5 | K49: 0 | L49: =H49+J49-K49 | M49: 2420000 | N49: 0 | O49: =MAX(0,M49-N49-L49) | P49: =MAX(0,L49-(M49-N49)) | Q49: 30/09/2026 | R49: PT2026-00046
A50: 251210833 | B50: NGUYỄN TÙNG DƯƠNG | C50: Công nghệ thông tin 1 K66 | D50: Năm 3 | E50: 2027_2028 | F50: 4 | G50: =VLOOKUP(D50,'Cấu Hình Học Phí'!$A$8:$B$11,2,FALSE) | H50: =F50*G50 | I50: 0 | J50: =I50*'Cấu Hình Học Phí'!$B$5 | K50: 0 | L50: =H50+J50-K50 | M50: 2662000 | N50: 0 | O50: =MAX(0,M50-N50-L50) | P50: =MAX(0,L50-(M50-N50)) | Q50: 30/09/2027 | R50: PT2027-00047
A51: 251210833 | B51: NGUYỄN TÙNG DƯƠNG | C51: Công nghệ thông tin 1 K66 | D51: Năm 4 | E51: 2028_2029 | F51: 1 | G51: =VLOOKUP(D51,'Cấu Hình Học Phí'!$A$8:$B$11,2,FALSE) | H51: =F51*G51 | I51: 0 | J51: =I51*'Cấu Hình Học Phí'!$B$5 | K51: 0 | L51: =H51+J51-K51 | M51: 732050 | N51: 0 | O51: =MAX(0,M51-N51-L51) | P51: =MAX(0,L51-(M51-N51)) | Q51: 30/09/2028 | R51: PT2028-00048
A52: 251210834 | B52: NGUYỄN VŨ THÀNH DƯƠNG | C52: Công nghệ thông tin 1 K66 | D52: Năm 1 | E52: 2025_2026 | F52: 4 | G52: =VLOOKUP(D52,'Cấu Hình Học Phí'!$A$8:$B$11,2,FALSE) | H52: =F52*G52 | I52: 0 | J52: =I52*'Cấu Hình Học Phí'!$B$5 | K52: 0 | L52: =H52+J52-K52 | M52: 2200000 | N52: 0 | O52: =MAX(0,M52-N52-L52) | P52: =MAX(0,L52-(M52-N52)) | Q52: 30/09/2025 | R52: PT2025-00049
A53: 251210834 | B53: NGUYỄN VŨ THÀNH DƯƠNG | C53: Công nghệ thông tin 1 K66 | D53: Năm 2 | E53: 2026_2027 | F53: 4 | G53: =VLOOKUP(D53,'Cấu Hình Học Phí'!$A$8:$B$11,2,FALSE) | H53: =F53*G53 | I53: 1 | J53: =I53*'Cấu Hình Học Phí'!$B$5 | K53: 0 | L53: =H53+J53-K53 | M53: 3420000 | N53: 0 | O53: =MAX(0,M53-N53-L53) | P53: =MAX(0,L53-(M53-N53)) | Q53: 30/09/2026 | R53: PT2026-00050
A54: 251210834 | B54: NGUYỄN VŨ THÀNH DƯƠNG | C54: Công nghệ thông tin 1 K66 | D54: Năm 3 | E54: 2027_2028 | F54: 4 | G54: =VLOOKUP(D54,'Cấu Hình Học Phí'!$A$8:$B$11,2,FALSE) | H54: =F54*G54 | I54: 1 | J54: =I54*'Cấu Hình Học Phí'!$B$5 | K54: 0 | L54: =H54+J54-K54 | M54: 2662000 | N54: 0 | O54: =MAX(0,M54-N54-L54) | P54: =MAX(0,L54-(M54-N54)) | Q54: 30/09/2027 | R54: PT2027-00051 | S54: Chưa nộp phí phụ đạo 1 môn
A55: 251210834 | B55: NGUYỄN VŨ THÀNH DƯƠNG | C55: Công nghệ thông tin 1 K66 | D55: Năm 4 | E55: 2028_2029 | F55: 1 | G55: =VLOOKUP(D55,'Cấu Hình Học Phí'!$A$8:$B$11,2,FALSE) | H55: =F55*G55 | I55: 0 | J55: =I55*'Cấu Hình Học Phí'!$B$5 | K55: 0 | L55: =H55+J55-K55 | M55: 732050 | N55: 0 | O55: =MAX(0,M55-N55-L55) | P55: =MAX(0,L55-(M55-N55)) | Q55: 30/09/2028 | R55: PT2028-00052
A56: 241224474 | B56: Nguyễn Xuân Đại | C56: Công nghệ thông tin 1 K66 | D56: Năm 1 | E56: 2025_2026 | F56: 4 | G56: =VLOOKUP(D56,'Cấu Hình Học Phí'!$A$8:$B$11,2,FALSE) | H56: =F56*G56 | I56: 0 | J56: =I56*'Cấu Hình Học Phí'!$B$5 | K56: 0 | L56: =H56+J56-K56 | M56: 2200000 | N56: 0 | O56: =MAX(0,M56-N56-L56) | P56: =MAX(0,L56-(M56-N56)) | Q56: 30/09/2025 | R56: PT2025-00053
A57: 241224474 | B57: Nguyễn Xuân Đại | C57: Công nghệ thông tin 1 K66 | D57: Năm 2 | E57: 2026_2027 | F57: 4 | G57: =VLOOKUP(D57,'Cấu Hình Học Phí'!$A$8:$B$11,2,FALSE) | H57: =F57*G57 | I57: 0 | J57: =I57*'Cấu Hình Học Phí'!$B$5 | K57: 0 | L57: =H57+J57-K57 | M57: 2420000 | N57: 0 | O57: =MAX(0,M57-N57-L57) | P57: =MAX(0,L57-(M57-N57)) | Q57: 30/09/2026 | R57: PT2026-00054
A58: 241224474 | B58: Nguyễn Xuân Đại | C58: Công nghệ thông tin 1 K66 | D58: Năm 3 | E58: 2027_2028 | F58: 4 | G58: =VLOOKUP(D58,'Cấu Hình Học Phí'!$A$8:$B$11,2,FALSE) | H58: =F58*G58 | I58: 0 | J58: =I58*'Cấu Hình Học Phí'!$B$5 | K58: 0 | L58: =H58+J58-K58 | M58: 2662000 | N58: 0 | O58: =MAX(0,M58-N58-L58) | P58: =MAX(0,L58-(M58-N58)) | Q58: 30/09/2027 | R58: PT2027-00055
A59: 241224474 | B59: Nguyễn Xuân Đại | C59: Công nghệ thông tin 1 K66 | D59: Năm 4 | E59: 2028_2029 | F59: 1 | G59: =VLOOKUP(D59,'Cấu Hình Học Phí'!$A$8:$B$11,2,FALSE) | H59: =F59*G59 | I59: 0 | J59: =I59*'Cấu Hình Học Phí'!$B$5 | K59: 0 | L59: =H59+J59-K59 | M59: 732050 | N59: 0 | O59: =MAX(0,M59-N59-L59) | P59: =MAX(0,L59-(M59-N59)) | Q59: 30/09/2028 | R59: PT2028-00056
A60: 251230836 | B60: CHỬ TIẾN ĐẠT | C60: Công nghệ thông tin 1 K66 | D60: Năm 1 | E60: 2025_2026 | F60: 4 | G60: =VLOOKUP(D60,'Cấu Hình Học Phí'!$A$8:$B$11,2,FALSE) | H60: =F60*G60 | I60: 0 | J60: =I60*'Cấu Hình Học Phí'!$B$5 | K60: 0 | L60: =H60+J60-K60 | M60: 2200000 | N60: 0 | O60: =MAX(0,M60-N60-L60) | P60: =MAX(0,L60-(M60-N60)) | Q60: 30/09/2025 | R60: PT2025-00057
A61: 251230836 | B61: CHỬ TIẾN ĐẠT | C61: Công nghệ thông tin 1 K66 | D61: Năm 2 | E61: 2026_2027 | F61: 4 | G61: =VLOOKUP(D61,'Cấu Hình Học Phí'!$A$8:$B$11,2,FALSE) | H61: =F61*G61 | I61: 1 | J61: =I61*'Cấu Hình Học Phí'!$B$5 | K61: 0 | L61: =H61+J61-K61 | M61: 3420000 | N61: 0 | O61: =MAX(0,M61-N61-L61) | P61: =MAX(0,L61-(M61-N61)) | Q61: 30/09/2026 | R61: PT2026-00058
A62: 251230836 | B62: CHỬ TIẾN ĐẠT | C62: Công nghệ thông tin 1 K66 | D62: Năm 3 | E62: 2027_2028 | F62: 4 | G62: =VLOOKUP(D62,'Cấu Hình Học Phí'!$A$8:$B$11,2,FALSE) | H62: =F62*G62 | I62: 0 | J62: =I62*'Cấu Hình Học Phí'!$B$5 | K62: 0 | L62: =H62+J62-K62 | M62: 2662000 | N62: 0 | O62: =MAX(0,M62-N62-L62) | P62: =MAX(0,L62-(M62-N62)) | Q62: 30/09/2027 | R62: PT2027-00059
A63: 251230836 | B63: CHỬ TIẾN ĐẠT | C63: Công nghệ thông tin 1 K66 | D63: Năm 4 | E63: 2028_2029 | F63: 1 | G63: =VLOOKUP(D63,'Cấu Hình Học Phí'!$A$8:$B$11,2,FALSE) | H63: =F63*G63 | I63: 0 | J63: =I63*'Cấu Hình Học Phí'!$B$5 | K63: 0 | L63: =H63+J63-K63 | M63: 732050 | N63: 0 | O63: =MAX(0,M63-N63-L63) | P63: =MAX(0,L63-(M63-N63)) | Q63: 30/09/2028 | R63: PT2028-00060
A64: 251210848 | B64: PHẠM ANH ĐỨC | C64: Công nghệ thông tin 1 K66 | D64: Năm 1 | E64: 2025_2026 | F64: 4 | G64: =VLOOKUP(D64,'Cấu Hình Học Phí'!$A$8:$B$11,2,FALSE) | H64: =F64*G64 | I64: 1 | J64: =I64*'Cấu Hình Học Phí'!$B$5 | K64: 0 | L64: =H64+J64-K64 | M64: 2200000 | N64: 0 | O64: =MAX(0,M64-N64-L64) | P64: =MAX(0,L64-(M64-N64)) | Q64: 30/09/2025 | R64: PT2025-00061 | S64: Chưa nộp phí phụ đạo 1 môn
A65: 251210848 | B65: PHẠM ANH ĐỨC | C65: Công nghệ thông tin 1 K66 | D65: Năm 2 | E65: 2026_2027 | F65: 4 | G65: =VLOOKUP(D65,'Cấu Hình Học Phí'!$A$8:$B$11,2,FALSE) | H65: =F65*G65 | I65: 0 | J65: =I65*'Cấu Hình Học Phí'!$B$5 | K65: 0 | L65: =H65+J65-K65 | M65: 2420000 | N65: 0 | O65: =MAX(0,M65-N65-L65) | P65: =MAX(0,L65-(M65-N65)) | Q65: 30/09/2026 | R65: PT2026-00062
A66: 251210848 | B66: PHẠM ANH ĐỨC | C66: Công nghệ thông tin 1 K66 | D66: Năm 3 | E66: 2027_2028 | F66: 4 | G66: =VLOOKUP(D66,'Cấu Hình Học Phí'!$A$8:$B$11,2,FALSE) | H66: =F66*G66 | I66: 0 | J66: =I66*'Cấu Hình Học Phí'!$B$5 | K66: 0 | L66: =H66+J66-K66 | M66: 2662000 | N66: 0 | O66: =MAX(0,M66-N66-L66) | P66: =MAX(0,L66-(M66-N66)) | Q66: 30/09/2027 | R66: PT2027-00063
A67: 251210848 | B67: PHẠM ANH ĐỨC | C67: Công nghệ thông tin 1 K66 | D67: Năm 4 | E67: 2028_2029 | F67: 1 | G67: =VLOOKUP(D67,'Cấu Hình Học Phí'!$A$8:$B$11,2,FALSE) | H67: =F67*G67 | I67: 0 | J67: =I67*'Cấu Hình Học Phí'!$B$5 | K67: 0 | L67: =H67+J67-K67 | M67: 732050 | N67: 0 | O67: =MAX(0,M67-N67-L67) | P67: =MAX(0,L67-(M67-N67)) | Q67: 30/09/2028 | R67: PT2028-00064
A68: 251210849 | B68: PHẠM ANH ĐỨC | C68: Công nghệ thông tin 1 K66 | D68: Năm 1 | E68: 2025_2026 | F68: 4 | G68: =VLOOKUP(D68,'Cấu Hình Học Phí'!$A$8:$B$11,2,FALSE) | H68: =F68*G68 | I68: 1 | J68: =I68*'Cấu Hình Học Phí'!$B$5 | K68: 0 | L68: =H68+J68-K68 | M68: 3200000 | N68: 0 | O68: =MAX(0,M68-N68-L68) | P68: =MAX(0,L68-(M68-N68)) | Q68: 30/09/2025 | R68: PT2025-00065
A69: 251210849 | B69: PHẠM ANH ĐỨC | C69: Công nghệ thông tin 1 K66 | D69: Năm 2 | E69: 2026_2027 | F69: 4 | G69: =VLOOKUP(D69,'Cấu Hình Học Phí'!$A$8:$B$11,2,FALSE) | H69: =F69*G69 | I69: 0 | J69: =I69*'Cấu Hình Học Phí'!$B$5 | K69: 0 | L69: =H69+J69-K69 | M69: 2420000 | N69: 0 | O69: =MAX(0,M69-N69-L69) | P69: =MAX(0,L69-(M69-N69)) | Q69: 30/09/2026 | R69: PT2026-00066
A70: 251210849 | B70: PHẠM ANH ĐỨC | C70: Công nghệ thông tin 1 K66 | D70: Năm 3 | E70: 2027_2028 | F70: 4 | G70: =VLOOKUP(D70,'Cấu Hình Học Phí'!$A$8:$B$11,2,FALSE) | H70: =F70*G70 | I70: 0 | J70: =I70*'Cấu Hình Học Phí'!$B$5 | K70: 0 | L70: =H70+J70-K70 | M70: 2662000 | N70: 0 | O70: =MAX(0,M70-N70-L70) | P70: =MAX(0,L70-(M70-N70)) | Q70: 30/09/2027 | R70: PT2027-00067
A71: 251210849 | B71: PHẠM ANH ĐỨC | C71: Công nghệ thông tin 1 K66 | D71: Năm 4 | E71: 2028_2029 | F71: 1 | G71: =VLOOKUP(D71,'Cấu Hình Học Phí'!$A$8:$B$11,2,FALSE) | H71: =F71*G71 | I71: 0 | J71: =I71*'Cấu Hình Học Phí'!$B$5 | K71: 0 | L71: =H71+J71-K71 | M71: 732050 | N71: 0 | O71: =MAX(0,M71-N71-L71) | P71: =MAX(0,L71-(M71-N71)) | Q71: 30/09/2028 | R71: PT2028-00068
A72: 251210852 | B72: NGUYỄN PHÚC HẢI | C72: Công nghệ thông tin 1 K66 | D72: Năm 1 | E72: 2025_2026 | F72: 4 | G72: =VLOOKUP(D72,'Cấu Hình Học Phí'!$A$8:$B$11,2,FALSE) | H72: =F72*G72 | I72: 1 | J72: =I72*'Cấu Hình Học Phí'!$B$5 | K72: 0 | L72: =H72+J72-K72 | M72: 2200000 | N72: 0 | O72: =MAX(0,M72-N72-L72) | P72: =MAX(0,L72-(M72-N72)) | Q72: 30/09/2025 | R72: PT2025-00069 | S72: Chưa nộp phí phụ đạo 1 môn
A73: 251210852 | B73: NGUYỄN PHÚC HẢI | C73: Công nghệ thông tin 1 K66 | D73: Năm 2 | E73: 2026_2027 | F73: 4 | G73: =VLOOKUP(D73,'Cấu Hình Học Phí'!$A$8:$B$11,2,FALSE) | H73: =F73*G73 | I73: 2 | J73: =I73*'Cấu Hình Học Phí'!$B$5 | K73: 0 | L73: =H73+J73-K73 | M73: 4420000 | N73: 0 | O73: =MAX(0,M73-N73-L73) | P73: =MAX(0,L73-(M73-N73)) | Q73: 30/09/2026 | R73: PT2026-00070
A74: 251210852 | B74: NGUYỄN PHÚC HẢI | C74: Công nghệ thông tin 1 K66 | D74: Năm 3 | E74: 2027_2028 | F74: 4 | G74: =VLOOKUP(D74,'Cấu Hình Học Phí'!$A$8:$B$11,2,FALSE) | H74: =F74*G74 | I74: 1 | J74: =I74*'Cấu Hình Học Phí'!$B$5 | K74: 0 | L74: =H74+J74-K74 | M74: 2662000 | N74: 0 | O74: =MAX(0,M74-N74-L74) | P74: =MAX(0,L74-(M74-N74)) | Q74: 30/09/2027 | R74: PT2027-00071 | S74: Chưa nộp phí phụ đạo 1 môn
A75: 251210852 | B75: NGUYỄN PHÚC HẢI | C75: Công nghệ thông tin 1 K66 | D75: Năm 4 | E75: 2028_2029 | F75: 1 | G75: =VLOOKUP(D75,'Cấu Hình Học Phí'!$A$8:$B$11,2,FALSE) | H75: =F75*G75 | I75: 0 | J75: =I75*'Cấu Hình Học Phí'!$B$5 | K75: 0 | L75: =H75+J75-K75 | M75: 732050 | N75: 0 | O75: =MAX(0,M75-N75-L75) | P75: =MAX(0,L75-(M75-N75)) | Q75: 30/09/2028 | R75: PT2028-00072
A76: 251230854 | B76: NGUYỄN TIẾN HẢI | C76: Công nghệ thông tin 1 K66 | D76: Năm 1 | E76: 2025_2026 | F76: 4 | G76: =VLOOKUP(D76,'Cấu Hình Học Phí'!$A$8:$B$11,2,FALSE) | H76: =F76*G76 | I76: 0 | J76: =I76*'Cấu Hình Học Phí'!$B$5 | K76: 0 | L76: =H76+J76-K76 | M76: 2200000 | N76: 0 | O76: =MAX(0,M76-N76-L76) | P76: =MAX(0,L76-(M76-N76)) | Q76: 30/09/2025 | R76: PT2025-00073
A77: 251230854 | B77: NGUYỄN TIẾN HẢI | C77: Công nghệ thông tin 1 K66 | D77: Năm 2 | E77: 2026_2027 | F77: 4 | G77: =VLOOKUP(D77,'Cấu Hình Học Phí'!$A$8:$B$11,2,FALSE) | H77: =F77*G77 | I77: 0 | J77: =I77*'Cấu Hình Học Phí'!$B$5 | K77: 0 | L77: =H77+J77-K77 | M77: 2420000 | N77: 0 | O77: =MAX(0,M77-N77-L77) | P77: =MAX(0,L77-(M77-N77)) | Q77: 30/09/2026 | R77: PT2026-00074
A78: 251230854 | B78: NGUYỄN TIẾN HẢI | C78: Công nghệ thông tin 1 K66 | D78: Năm 3 | E78: 2027_2028 | F78: 4 | G78: =VLOOKUP(D78,'Cấu Hình Học Phí'!$A$8:$B$11,2,FALSE) | H78: =F78*G78 | I78: 2 | J78: =I78*'Cấu Hình Học Phí'!$B$5 | K78: 0 | L78: =H78+J78-K78 | M78: 4662000 | N78: 0 | O78: =MAX(0,M78-N78-L78) | P78: =MAX(0,L78-(M78-N78)) | Q78: 30/09/2027 | R78: PT2027-00075
A79: 251230854 | B79: NGUYỄN TIẾN HẢI | C79: Công nghệ thông tin 1 K66 | D79: Năm 4 | E79: 2028_2029 | F79: 1 | G79: =VLOOKUP(D79,'Cấu Hình Học Phí'!$A$8:$B$11,2,FALSE) | H79: =F79*G79 | I79: 0 | J79: =I79*'Cấu Hình Học Phí'!$B$5 | K79: 0 | L79: =H79+J79-K79 | M79: 732050 | N79: 0 | O79: =MAX(0,M79-N79-L79) | P79: =MAX(0,L79-(M79-N79)) | Q79: 30/09/2028 | R79: PT2028-00076
A80: 251230856 | B80: ĐÀM KHÁNH HIỀN | C80: Công nghệ thông tin 1 K66 | D80: Năm 1 | E80: 2025_2026 | F80: 4 | G80: =VLOOKUP(D80,'Cấu Hình Học Phí'!$A$8:$B$11,2,FALSE) | H80: =F80*G80 | I80: 0 | J80: =I80*'Cấu Hình Học Phí'!$B$5 | K80: 0 | L80: =H80+J80-K80 | M80: 2200000 | N80: 0 | O80: =MAX(0,M80-N80-L80) | P80: =MAX(0,L80-(M80-N80)) | Q80: 30/09/2025 | R80: PT2025-00077
A81: 251230856 | B81: ĐÀM KHÁNH HIỀN | C81: Công nghệ thông tin 1 K66 | D81: Năm 2 | E81: 2026_2027 | F81: 4 | G81: =VLOOKUP(D81,'Cấu Hình Học Phí'!$A$8:$B$11,2,FALSE) | H81: =F81*G81 | I81: 0 | J81: =I81*'Cấu Hình Học Phí'!$B$5 | K81: 0 | L81: =H81+J81-K81 | M81: 2420000 | N81: 0 | O81: =MAX(0,M81-N81-L81) | P81: =MAX(0,L81-(M81-N81)) | Q81: 30/09/2026 | R81: PT2026-00078
A82: 251230856 | B82: ĐÀM KHÁNH HIỀN | C82: Công nghệ thông tin 1 K66 | D82: Năm 3 | E82: 2027_2028 | F82: 4 | G82: =VLOOKUP(D82,'Cấu Hình Học Phí'!$A$8:$B$11,2,FALSE) | H82: =F82*G82 | I82: 2 | J82: =I82*'Cấu Hình Học Phí'!$B$5 | K82: 0 | L82: =H82+J82-K82 | M82: 4662000 | N82: 0 | O82: =MAX(0,M82-N82-L82) | P82: =MAX(0,L82-(M82-N82)) | Q82: 30/09/2027 | R82: PT2027-00079
A83: 251230856 | B83: ĐÀM KHÁNH HIỀN | C83: Công nghệ thông tin 1 K66 | D83: Năm 4 | E83: 2028_2029 | F83: 1 | G83: =VLOOKUP(D83,'Cấu Hình Học Phí'!$A$8:$B$11,2,FALSE) | H83: =F83*G83 | I83: 0 | J83: =I83*'Cấu Hình Học Phí'!$B$5 | K83: 0 | L83: =H83+J83-K83 | M83: 732050 | N83: 0 | O83: =MAX(0,M83-N83-L83) | P83: =MAX(0,L83-(M83-N83)) | Q83: 30/09/2028 | R83: PT2028-00080
A84: 251230858 | B84: BÙI TIẾN HIỆP | C84: Công nghệ thông tin 1 K66 | D84: Năm 1 | E84: 2025_2026 | F84: 4 | G84: =VLOOKUP(D84,'Cấu Hình Học Phí'!$A$8:$B$11,2,FALSE) | H84: =F84*G84 | I84: 1 | J84: =I84*'Cấu Hình Học Phí'!$B$5 | K84: 0 | L84: =H84+J84-K84 | M84: 2200000 | N84: 0 | O84: =MAX(0,M84-N84-L84) | P84: =MAX(0,L84-(M84-N84)) | Q84: 30/09/2025 | R84: PT2025-00081 | S84: Chưa nộp phí phụ đạo 1 môn
A85: 251230858 | B85: BÙI TIẾN HIỆP | C85: Công nghệ thông tin 1 K66 | D85: Năm 2 | E85: 2026_2027 | F85: 4 | G85: =VLOOKUP(D85,'Cấu Hình Học Phí'!$A$8:$B$11,2,FALSE) | H85: =F85*G85 | I85: 1 | J85: =I85*'Cấu Hình Học Phí'!$B$5 | K85: 0 | L85: =H85+J85-K85 | M85: 2420000 | N85: 0 | O85: =MAX(0,M85-N85-L85) | P85: =MAX(0,L85-(M85-N85)) | Q85: 30/09/2026 | R85: PT2026-00082 | S85: Chưa nộp phí phụ đạo 1 môn
A86: 251230858 | B86: BÙI TIẾN HIỆP | C86: Công nghệ thông tin 1 K66 | D86: Năm 3 | E86: 2027_2028 | F86: 4 | G86: =VLOOKUP(D86,'Cấu Hình Học Phí'!$A$8:$B$11,2,FALSE) | H86: =F86*G86 | I86: 1 | J86: =I86*'Cấu Hình Học Phí'!$B$5 | K86: 0 | L86: =H86+J86-K86 | M86: 2662000 | N86: 0 | O86: =MAX(0,M86-N86-L86) | P86: =MAX(0,L86-(M86-N86)) | Q86: 30/09/2027 | R86: PT2027-00083 | S86: Chưa nộp phí phụ đạo 1 môn
A87: 251230858 | B87: BÙI TIẾN HIỆP | C87: Công nghệ thông tin 1 K66 | D87: Năm 4 | E87: 2028_2029 | F87: 1 | G87: =VLOOKUP(D87,'Cấu Hình Học Phí'!$A$8:$B$11,2,FALSE) | H87: =F87*G87 | I87: 0 | J87: =I87*'Cấu Hình Học Phí'!$B$5 | K87: 0 | L87: =H87+J87-K87 | M87: 732050 | N87: 0 | O87: =MAX(0,M87-N87-L87) | P87: =MAX(0,L87-(M87-N87)) | Q87: 30/09/2028 | R87: PT2028-00084
A88: 251230861 | B88: NGUYỄN ANH HIẾU | C88: Công nghệ thông tin 1 K66 | D88: Năm 1 | E88: 2025_2026 | F88: 4 | G88: =VLOOKUP(D88,'Cấu Hình Học Phí'!$A$8:$B$11,2,FALSE) | H88: =F88*G88 | I88: 2 | J88: =I88*'Cấu Hình Học Phí'!$B$5 | K88: 0 | L88: =H88+J88-K88 | M88: 4200000 | N88: 0 | O88: =MAX(0,M88-N88-L88) | P88: =MAX(0,L88-(M88-N88)) | Q88: 30/09/2025 | R88: PT2025-00085
A89: 251230861 | B89: NGUYỄN ANH HIẾU | C89: Công nghệ thông tin 1 K66 | D89: Năm 2 | E89: 2026_2027 | F89: 4 | G89: =VLOOKUP(D89,'Cấu Hình Học Phí'!$A$8:$B$11,2,FALSE) | H89: =F89*G89 | I89: 0 | J89: =I89*'Cấu Hình Học Phí'!$B$5 | K89: 0 | L89: =H89+J89-K89 | M89: 2420000 | N89: 0 | O89: =MAX(0,M89-N89-L89) | P89: =MAX(0,L89-(M89-N89)) | Q89: 30/09/2026 | R89: PT2026-00086
A90: 251230861 | B90: NGUYỄN ANH HIẾU | C90: Công nghệ thông tin 1 K66 | D90: Năm 3 | E90: 2027_2028 | F90: 4 | G90: =VLOOKUP(D90,'Cấu Hình Học Phí'!$A$8:$B$11,2,FALSE) | H90: =F90*G90 | I90: 0 | J90: =I90*'Cấu Hình Học Phí'!$B$5 | K90: 0 | L90: =H90+J90-K90 | M90: 2662000 | N90: 0 | O90: =MAX(0,M90-N90-L90) | P90: =MAX(0,L90-(M90-N90)) | Q90: 30/09/2027 | R90: PT2027-00087
A91: 251230861 | B91: NGUYỄN ANH HIẾU | C91: Công nghệ thông tin 1 K66 | D91: Năm 4 | E91: 2028_2029 | F91: 1 | G91: =VLOOKUP(D91,'Cấu Hình Học Phí'!$A$8:$B$11,2,FALSE) | H91: =F91*G91 | I91: 0 | J91: =I91*'Cấu Hình Học Phí'!$B$5 | K91: 0 | L91: =H91+J91-K91 | M91: 732050 | N91: 0 | O91: =MAX(0,M91-N91-L91) | P91: =MAX(0,L91-(M91-N91)) | Q91: 30/09/2028 | R91: PT2028-00088
A92: 251230863 | B92: TRẦN VĂN HIỆU | C92: Công nghệ thông tin 1 K66 | D92: Năm 1 | E92: 2025_2026 | F92: 4 | G92: =VLOOKUP(D92,'Cấu Hình Học Phí'!$A$8:$B$11,2,FALSE) | H92: =F92*G92 | I92: 1 | J92: =I92*'Cấu Hình Học Phí'!$B$5 | K92: 0 | L92: =H92+J92-K92 | M92: 3200000 | N92: 0 | O92: =MAX(0,M92-N92-L92) | P92: =MAX(0,L92-(M92-N92)) | Q92: 30/09/2025 | R92: PT2025-00089
A93: 251230863 | B93: TRẦN VĂN HIỆU | C93: Công nghệ thông tin 1 K66 | D93: Năm 2 | E93: 2026_2027 | F93: 4 | G93: =VLOOKUP(D93,'Cấu Hình Học Phí'!$A$8:$B$11,2,FALSE) | H93: =F93*G93 | I93: 0 | J93: =I93*'Cấu Hình Học Phí'!$B$5 | K93: 0 | L93: =H93+J93-K93 | M93: 2420000 | N93: 0 | O93: =MAX(0,M93-N93-L93) | P93: =MAX(0,L93-(M93-N93)) | Q93: 30/09/2026 | R93: PT2026-00090
A94: 251230863 | B94: TRẦN VĂN HIỆU | C94: Công nghệ thông tin 1 K66 | D94: Năm 3 | E94: 2027_2028 | F94: 4 | G94: =VLOOKUP(D94,'Cấu Hình Học Phí'!$A$8:$B$11,2,FALSE) | H94: =F94*G94 | I94: 1 | J94: =I94*'Cấu Hình Học Phí'!$B$5 | K94: 0 | L94: =H94+J94-K94 | M94: 3662000 | N94: 0 | O94: =MAX(0,M94-N94-L94) | P94: =MAX(0,L94-(M94-N94)) | Q94: 30/09/2027 | R94: PT2027-00091
A95: 251230863 | B95: TRẦN VĂN HIỆU | C95: Công nghệ thông tin 1 K66 | D95: Năm 4 | E95: 2028_2029 | F95: 1 | G95: =VLOOKUP(D95,'Cấu Hình Học Phí'!$A$8:$B$11,2,FALSE) | H95: =F95*G95 | I95: 0 | J95: =I95*'Cấu Hình Học Phí'!$B$5 | K95: 0 | L95: =H95+J95-K95 | M95: 732050 | N95: 0 | O95: =MAX(0,M95-N95-L95) | P95: =MAX(0,L95-(M95-N95)) | Q95: 30/09/2028 | R95: PT2028-00092
A96: 251210866 | B96: NGUYỄN VIỆT HOÀNG | C96: Công nghệ thông tin 1 K66 | D96: Năm 1 | E96: 2025_2026 | F96: 4 | G96: =VLOOKUP(D96,'Cấu Hình Học Phí'!$A$8:$B$11,2,FALSE) | H96: =F96*G96 | I96: 1 | J96: =I96*'Cấu Hình Học Phí'!$B$5 | K96: 0 | L96: =H96+J96-K96 | M96: 3200000 | N96: 0 | O96: =MAX(0,M96-N96-L96) | P96: =MAX(0,L96-(M96-N96)) | Q96: 30/09/2025 | R96: PT2025-00093
A97: 251210866 | B97: NGUYỄN VIỆT HOÀNG | C97: Công nghệ thông tin 1 K66 | D97: Năm 2 | E97: 2026_2027 | F97: 4 | G97: =VLOOKUP(D97,'Cấu Hình Học Phí'!$A$8:$B$11,2,FALSE) | H97: =F97*G97 | I97: 0 | J97: =I97*'Cấu Hình Học Phí'!$B$5 | K97: 0 | L97: =H97+J97-K97 | M97: 2420000 | N97: 0 | O97: =MAX(0,M97-N97-L97) | P97: =MAX(0,L97-(M97-N97)) | Q97: 30/09/2026 | R97: PT2026-00094
A98: 251210866 | B98: NGUYỄN VIỆT HOÀNG | C98: Công nghệ thông tin 1 K66 | D98: Năm 3 | E98: 2027_2028 | F98: 4 | G98: =VLOOKUP(D98,'Cấu Hình Học Phí'!$A$8:$B$11,2,FALSE) | H98: =F98*G98 | I98: 0 | J98: =I98*'Cấu Hình Học Phí'!$B$5 | K98: 0 | L98: =H98+J98-K98 | M98: 2662000 | N98: 0 | O98: =MAX(0,M98-N98-L98) | P98: =MAX(0,L98-(M98-N98)) | Q98: 30/09/2027 | R98: PT2027-00095
... A101: 251210867 | B101: TRẦN VIỆT HOÀNG | C101: Công nghệ thông tin 1 K66 | D101: Năm 2 | E101: 2026_2027 | F101: 4 | G101: =VLOOKUP(D101,'Cấu Hình Học Phí'!$A$8:$B$11,2,FALSE) | H101: =F101*G101 | I101: 0 | J101: =I101*'Cấu Hình Học Phí'!$B$5 | K101: 0 | L101: =H101+J101-K101 | M101: 2420000 | N101: 0 | O101: =MAX(0,M101-N101-L101) | P101: =MAX(0,L101-(M101-N101)) | Q101: 30/09/2026 | R101: PT2026-00098
A102: 251210867 | B102: TRẦN VIỆT HOÀNG | C102: Công nghệ thông tin 1 K66 | D102: Năm 3 | E102: 2027_2028 | F102: 4 | G102: =VLOOKUP(D102,'Cấu Hình Học Phí'!$A$8:$B$11,2,FALSE) | H102: =F102*G102 | I102: 1 | J102: =I102*'Cấu Hình Học Phí'!$B$5 | K102: 0 | L102: =H102+J102-K102 | M102: 2662000 | N102: 0 | O102: =MAX(0,M102-N102-L102) | P102: =MAX(0,L102-(M102-N102)) | Q102: 30/09/2027 | R102: PT2027-00099 | S102: Chưa nộp phí phụ đạo 1 môn
A103: 251210867 | B103: TRẦN VIỆT HOÀNG | C103: Công nghệ thông tin 1 K66 | D103: Năm 4 | E103: 2028_2029 | F103: 1 | G103: =VLOOKUP(D103,'Cấu Hình Học Phí'!$A$8:$B$11,2,FALSE) | H103: =F103*G103 | I103: 0 | J103: =I103*'Cấu Hình Học Phí'!$B$5 | K103: 0 | L103: =H103+J103-K103 | M103: 732050 | N103: 0 | O103: =MAX(0,M103-N103-L103) | P103: =MAX(0,L103-(M103-N103)) | Q103: 30/09/2028 | R103: PT2028-00100
...

Sheet Tổng Hợp Học Phí
A1: TỔNG HỢP HỌC PHÍ THEO SINH VIÊN
A3: MSV | B3: Họ và tên | C3: Lớp | D3: Học phí môn học | E3: Phí phụ đạo | F3: Miễn giảm | G3: Học phí phải nộp | H3: Học phí đã nộp | I3: Học phí thừa | J3: Học phí còn nợ | K3: Trạng thái
A4: 251230808 | B4: CHU ĐỨC ÁNH | C4: Công nghệ thông tin 1 K66 | D4: =SUMIFS('Chi Tiết Học Phí'!$H$4:$H$1023,'Chi Tiết Học Phí'!$A$4:$A$1023,A4) | E4: =SUMIFS('Chi Tiết Học Phí'!$J$4:$J$1023,'Chi Tiết Học Phí'!$A$4:$A$1023,A4) | F4: =SUMIFS('Chi Tiết Học Phí'!$K$4:$K$1023,'Chi Tiết Học Phí'!$A$4:$A$1023,A4) | G4: =SUMIFS('Chi Tiết Học Phí'!$L$4:$L$1023,'Chi Tiết Học Phí'!$A$4:$A$1023,A4) | H4: =SUMIFS('Chi Tiết Học Phí'!$M$4:$M$1023,'Chi Tiết Học Phí'!$A$4:$A$1023,A4)-SUMIFS('Chi Tiết Học Phí'!$N$4:$N$1023,'Chi Tiết Học Phí'!$A$4:$A$1023,A4) | I4: =SUMIFS('Chi Tiết Học Phí'!$O$4:$O$1023,'Chi Tiết Học Phí'!$A$4:$A$1023,A4) | J4: =SUMIFS('Chi Tiết Học Phí'!$P$4:$P$1023,'Chi Tiết Học Phí'!$A$4:$A$1023,A4) | K4: =IF(J4>0,"Còn nợ","Đã hoàn thành")
A5: 251210800 | B5: LÊ QUANG ANH | C5: Công nghệ thông tin 1 K66 | D5: =SUMIFS('Chi Tiết Học Phí'!$H$4:$H$1023,'Chi Tiết Học Phí'!$A$4:$A$1023,A5) | E5: =SUMIFS('Chi Tiết Học Phí'!$J$4:$J$1023,'Chi Tiết Học Phí'!$A$4:$A$1023,A5) | F5: =SUMIFS('Chi Tiết Học Phí'!$K$4:$K$1023,'Chi Tiết Học Phí'!$A$4:$A$1023,A5) | G5: =SUMIFS('Chi Tiết Học Phí'!$L$4:$L$1023,'Chi Tiết Học Phí'!$A$4:$A$1023,A5) | H5: =SUMIFS('Chi Tiết Học Phí'!$M$4:$M$1023,'Chi Tiết Học Phí'!$A$4:$A$1023,A5)-SUMIFS('Chi Tiết Học Phí'!$N$4:$N$1023,'Chi Tiết Học Phí'!$A$4:$A$1023,A5) | I5: =SUMIFS('Chi Tiết Học Phí'!$O$4:$O$1023,'Chi Tiết Học Phí'!$A$4:$A$1023,A5) | J5: =SUMIFS('Chi Tiết Học Phí'!$P$4:$P$1023,'Chi Tiết Học Phí'!$A$4:$A$1023,A5) | K5: =IF(J5>0,"Còn nợ","Đã hoàn thành")
A6: 251230801 | B6: NGÔ AN ĐỨC ANH | C6: Công nghệ thông tin 1 K66 | D6: =SUMIFS('Chi Tiết Học Phí'!$H$4:$H$1023,'Chi Tiết Học Phí'!$A$4:$A$1023,A6) | E6: =SUMIFS('Chi Tiết Học Phí'!$J$4:$J$1023,'Chi Tiết Học Phí'!$A$4:$A$1023,A6) | F6: =SUMIFS('Chi Tiết Học Phí'!$K$4:$K$1023,'Chi Tiết Học Phí'!$A$4:$A$1023,A6) | G6: =SUMIFS('Chi Tiết Học Phí'!$L$4:$L$1023,'Chi Tiết Học Phí'!$A$4:$A$1023,A6) | H6: =SUMIFS('Chi Tiết Học Phí'!$M$4:$M$1023,'Chi Tiết Học Phí'!$A$4:$A$1023,A6)-SUMIFS('Chi Tiết Học Phí'!$N$4:$N$1023,'Chi Tiết Học Phí'!$A$4:$A$1023,A6) | I6: =SUMIFS('Chi Tiết Học Phí'!$O$4:$O$1023,'Chi Tiết Học Phí'!$A$4:$A$1023,A6) | J6: =SUMIFS('Chi Tiết Học Phí'!$P$4:$P$1023,'Chi Tiết Học Phí'!$A$4:$A$1023,A6) | K6: =IF(J6>0,"Còn nợ","Đã hoàn thành")
A7: 251230807 | B7: TÔ VIỆT ANH | C7: Công nghệ thông tin 1 K66 | D7: =SUMIFS('Chi Tiết Học Phí'!$H$4:$H$1023,'Chi Tiết Học Phí'!$A$4:$A$1023,A7) | E7: =SUMIFS('Chi Tiết Học Phí'!$J$4:$J$1023,'Chi Tiết Học Phí'!$A$4:$A$1023,A7) | F7: =SUMIFS('Chi Tiết Học Phí'!$K$4:$K$1023,'Chi Tiết Học Phí'!$A$4:$A$1023,A7) | G7: =SUMIFS('Chi Tiết Học Phí'!$L$4:$L$1023,'Chi Tiết Học Phí'!$A$4:$A$1023,A7) | H7: =SUMIFS('Chi Tiết Học Phí'!$M$4:$M$1023,'Chi Tiết Học Phí'!$A$4:$A$1023,A7)-SUMIFS('Chi Tiết Học Phí'!$N$4:$N$1023,'Chi Tiết Học Phí'!$A$4:$A$1023,A7) | I7: =SUMIFS('Chi Tiết Học Phí'!$O$4:$O$1023,'Chi Tiết Học Phí'!$A$4:$A$1023,A7) | J7: =SUMIFS('Chi Tiết Học Phí'!$P$4:$P$1023,'Chi Tiết Học Phí'!$A$4:$A$1023,A7) | K7: =IF(J7>0,"Còn nợ","Đã hoàn thành")
A8: 251230813 | B8: TRẦN MẬU BẮC | C8: Công nghệ thông tin 1 K66 | D8: =SUMIFS('Chi Tiết Học Phí'!$H$4:$H$1023,'Chi Tiết Học Phí'!$A$4:$A$1023,A8) | E8: =SUMIFS('Chi Tiết Học Phí'!$J$4:$J$1023,'Chi Tiết Học Phí'!$A$4:$A$1023,A8) | F8: =SUMIFS('Chi Tiết Học Phí'!$K$4:$K$1023,'Chi Tiết Học Phí'!$A$4:$A$1023,A8) | G8: =SUMIFS('Chi Tiết Học Phí'!$L$4:$L$1023,'Chi Tiết Học Phí'!$A$4:$A$1023,A8) | H8: =SUMIFS('Chi Tiết Học Phí'!$M$4:$M$1023,'Chi Tiết Học Phí'!$A$4:$A$1023,A8)-SUMIFS('Chi Tiết Học Phí'!$N$4:$N$1023,'Chi Tiết Học Phí'!$A$4:$A$1023,A8) | I8: =SUMIFS('Chi Tiết Học Phí'!$O$4:$O$1023,'Chi Tiết Học Phí'!$A$4:$A$1023,A8) | J8: =SUMIFS('Chi Tiết Học Phí'!$P$4:$P$1023,'Chi Tiết Học Phí'!$A$4:$A$1023,A8) | K8: =IF(J8>0,"Còn nợ","Đã hoàn thành")
A9: 251230811 | B9: NGUYỄN VĂN CHÍ BẢO | C9: Công nghệ thông tin 1 K66 | D9: =SUMIFS('Chi Tiết Học Phí'!$H$4:$H$1023,'Chi Tiết Học Phí'!$A$4:$A$1023,A9) | E9: =SUMIFS('Chi Tiết Học Phí'!$J$4:$J$1023,'Chi Tiết Học Phí'!$A$4:$A$1023,A9) | F9: =SUMIFS('Chi Tiết Học Phí'!$K$4:$K$1023,'Chi Tiết Học Phí'!$A$4:$A$1023,A9) | G9: =SUMIFS('Chi Tiết Học Phí'!$L$4:$L$1023,'Chi Tiết Học Phí'!$A$4:$A$1023,A9) | H9: =SUMIFS('Chi Tiết Học Phí'!$M$4:$M$1023,'Chi Tiết Học Phí'!$A$4:$A$1023,A9)-SUMIFS('Chi Tiết Học Phí'!$N$4:$N$1023,'Chi Tiết Học Phí'!$A$4:$A$1023,A9) | I9: =SUMIFS('Chi Tiết Học Phí'!$O$4:$O$1023,'Chi Tiết Học Phí'!$A$4:$A$1023,A9) | J9: =SUMIFS('Chi Tiết Học Phí'!$P$4:$P$1023,'Chi Tiết Học Phí'!$A$4:$A$1023,A9) | K9: =IF(J9>0,"Còn nợ","Đã hoàn thành")
A10: 251230812 | B10: NGUYỄN VĂN GIA BẢO | C10: Công nghệ thông tin 1 K66 | D10: =SUMIFS('Chi Tiết Học Phí'!$H$4:$H$1023,'Chi Tiết Học Phí'!$A$4:$A$1023,A10) | E10: =SUMIFS('Chi Tiết Học Phí'!$J$4:$J$1023,'Chi Tiết Học Phí'!$A$4:$A$1023,A10) | F10: =SUMIFS('Chi Tiết Học Phí'!$K$4:$K$1023,'Chi Tiết Học Phí'!$A$4:$A$1023,A10) | G10: =SUMIFS('Chi Tiết Học Phí'!$L$4:$L$1023,'Chi Tiết Học Phí'!$A$4:$A$1023,A10) | H10: =SUMIFS('Chi Tiết Học Phí'!$M$4:$M$1023,'Chi Tiết Học Phí'!$A$4:$A$1023,A10)-SUMIFS('Chi Tiết Học Phí'!$N$4:$N$1023,'Chi Tiết Học Phí'!$A$4:$A$1023,A10) | I10: =SUMIFS('Chi Tiết Học Phí'!$O$4:$O$1023,'Chi Tiết Học Phí'!$A$4:$A$1023,A10) | J10: =SUMIFS('Chi Tiết Học Phí'!$P$4:$P$1023,'Chi Tiết Học Phí'!$A$4:$A$1023,A10) | K10: =IF(J10>0,"Còn nợ","Đã hoàn thành")
A11: 251210818 | B11: NGUYỄN ĐỨC CƯƠNG | C11: Công nghệ thông tin 1 K66 | D11: =SUMIFS('Chi Tiết Học Phí'!$H$4:$H$1023,'Chi Tiết Học Phí'!$A$4:$A$1023,A11) | E11: =SUMIFS('Chi Tiết Học Phí'!$J$4:$J$1023,'Chi Tiết Học Phí'!$A$4:$A$1023,A11) | F11: =SUMIFS('Chi Tiết Học Phí'!$K$4:$K$1023,'Chi Tiết Học Phí'!$A$4:$A$1023,A11) | G11: =SUMIFS('Chi Tiết Học Phí'!$L$4:$L$1023,'Chi Tiết Học Phí'!$A$4:$A$1023,A11) | H11: =SUMIFS('Chi Tiết Học Phí'!$M$4:$M$1023,'Chi Tiết Học Phí'!$A$4:$A$1023,A11)-SUMIFS('Chi Tiết Học Phí'!$N$4:$N$1023,'Chi Tiết Học Phí'!$A$4:$A$1023,A11) | I11: =SUMIFS('Chi Tiết Học Phí'!$O$4:$O$1023,'Chi Tiết Học Phí'!$A$4:$A$1023,A11) | J11: =SUMIFS('Chi Tiết Học Phí'!$P$4:$P$1023,'Chi Tiết Học Phí'!$A$4:$A$1023,A11) | K11: =IF(J11>0,"Còn nợ","Đã hoàn thành")
A12: 251230821 | B12: VŨ MẠNH CƯỜNG | C12: Công nghệ thông tin 1 K66 | D12: =SUMIFS('Chi Tiết Học Phí'!$H$4:$H$1023,'Chi Tiết Học Phí'!$A$4:$A$1023,A12) | E12: =SUMIFS('Chi Tiết Học Phí'!$J$4:$J$1023,'Chi Tiết Học Phí'!$A$4:$A$1023,A12) | F12: =SUMIFS('Chi Tiết Học Phí'!$K$4:$K$1023,'Chi Tiết Học Phí'!$A$4:$A$1023,A12) | G12: =SUMIFS('Chi Tiết Học Phí'!$L$4:$L$1023,'Chi Tiết Học Phí'!$A$4:$A$1023,A12) | H12: =SUMIFS('Chi Tiết Học Phí'!$M$4:$M$1023,'Chi Tiết Học Phí'!$A$4:$A$1023,A12)-SUMIFS('Chi Tiết Học Phí'!$N$4:$N$1023,'Chi Tiết Học Phí'!$A$4:$A$1023,A12) | I12: =SUMIFS('Chi Tiết Học Phí'!$O$4:$O$1023,'Chi Tiết Học Phí'!$A$4:$A$1023,A12) | J12: =SUMIFS('Chi Tiết Học Phí'!$P$4:$P$1023,'Chi Tiết Học Phí'!$A$4:$A$1023,A12) | K12: =IF(J12>0,"Còn nợ","Đã hoàn thành")
A13: 251230822 | B13: NGUYỄN KHÁNH DOANH | C13: Công nghệ thông tin 1 K66 | D13: =SUMIFS('Chi Tiết Học Phí'!$H$4:$H$1023,'Chi Tiết Học Phí'!$A$4:$A$1023,A13) | E13: =SUMIFS('Chi Tiết Học Phí'!$J$4:$J$1023,'Chi Tiết Học Phí'!$A$4:$A$1023,A13) | F13: =SUMIFS('Chi Tiết Học Phí'!$K$4:$K$1023,'Chi Tiết Học Phí'!$A$4:$A$1023,A13) | G13: =SUMIFS('Chi Tiết Học Phí'!$L$4:$L$1023,'Chi Tiết Học Phí'!$A$4:$A$1023,A13) | H13: =SUMIFS('Chi Tiết Học Phí'!$M$4:$M$1023,'Chi Tiết Học Phí'!$A$4:$A$1023,A13)-SUMIFS('Chi Tiết Học Phí'!$N$4:$N$1023,'Chi Tiết Học Phí'!$A$4:$A$1023,A13) | I13: =SUMIFS('Chi Tiết Học Phí'!$O$4:$O$1023,'Chi Tiết Học Phí'!$A$4:$A$1023,A13) | J13: =SUMIFS('Chi Tiết Học Phí'!$P$4:$P$1023,'Chi Tiết Học Phí'!$A$4:$A$1023,A13) | K13: =IF(J13>0,"Còn nợ","Đã hoàn thành")
A14: 251210825 | B14: ĐỖ QUANG DŨNG | C14: Công nghệ thông tin 1 K66 | D14: =SUMIFS('Chi Tiết Học Phí'!$H$4:$H$1023,'Chi Tiết Học Phí'!$A$4:$A$1023,A14) | E14: =SUMIFS('Chi Tiết Học Phí'!$J$4:$J$1023,'Chi Tiết Học Phí'!$A$4:$A$1023,A14) | F14: =SUMIFS('Chi Tiết Học Phí'!$K$4:$K$1023,'Chi Tiết Học Phí'!$A$4:$A$1023,A14) | G14: =SUMIFS('Chi Tiết Học Phí'!$L$4:$L$1023,'Chi Tiết Học Phí'!$A$4:$A$1023,A14) | H14: =SUMIFS('Chi Tiết Học Phí'!$M$4:$M$1023,'Chi Tiết Học Phí'!$A$4:$A$1023,A14)-SUMIFS('Chi Tiết Học Phí'!$N$4:$N$1023,'Chi Tiết Học Phí'!$A$4:$A$1023,A14) | I14: =SUMIFS('Chi Tiết Học Phí'!$O$4:$O$1023,'Chi Tiết Học Phí'!$A$4:$A$1023,A14) | J14: =SUMIFS('Chi Tiết Học Phí'!$P$4:$P$1023,'Chi Tiết Học Phí'!$A$4:$A$1023,A14) | K14: =IF(J14>0,"Còn nợ","Đã hoàn thành")
A15: 251210833 | B15: NGUYỄN TÙNG DƯƠNG | C15: Công nghệ thông tin 1 K66 | D15: =SUMIFS('Chi Tiết Học Phí'!$H$4:$H$1023,'Chi Tiết Học Phí'!$A$4:$A$1023,A15) | E15: =SUMIFS('Chi Tiết Học Phí'!$J$4:$J$1023,'Chi Tiết Học Phí'!$A$4:$A$1023,A15) | F15: =SUMIFS('Chi Tiết Học Phí'!$K$4:$K$1023,'Chi Tiết Học Phí'!$A$4:$A$1023,A15) | G15: =SUMIFS('Chi Tiết Học Phí'!$L$4:$L$1023,'Chi Tiết Học Phí'!$A$4:$A$1023,A15) | H15: =SUMIFS('Chi Tiết Học Phí'!$M$4:$M$1023,'Chi Tiết Học Phí'!$A$4:$A$1023,A15)-SUMIFS('Chi Tiết Học Phí'!$N$4:$N$1023,'Chi Tiết Học Phí'!$A$4:$A$1023,A15) | I15: =SUMIFS('Chi Tiết Học Phí'!$O$4:$O$1023,'Chi Tiết Học Phí'!$A$4:$A$1023,A15) | J15: =SUMIFS('Chi Tiết Học Phí'!$P$4:$P$1023,'Chi Tiết Học Phí'!$A$4:$A$1023,A15) | K15: =IF(J15>0,"Còn nợ","Đã hoàn thành")
... A258: 253610701 | B258: NGUYỄN ĐĂNG VIỆT | C258: Khoa học máy tính K66 | D258: =SUMIFS('Chi Tiết Học Phí'!$H$4:$H$1023,'Chi Tiết Học Phí'!$A$4:$A$1023,A258) | E258: =SUMIFS('Chi Tiết Học Phí'!$J$4:$J$1023,'Chi Tiết Học Phí'!$A$4:$A$1023,A258) | F258: =SUMIFS('Chi Tiết Học Phí'!$K$4:$K$1023,'Chi Tiết Học Phí'!$A$4:$A$1023,A258) | G258: =SUMIFS('Chi Tiết Học Phí'!$L$4:$L$1023,'Chi Tiết Học Phí'!$A$4:$A$1023,A258) | H258: =SUMIFS('Chi Tiết Học Phí'!$M$4:$M$1023,'Chi Tiết Học Phí'!$A$4:$A$1023,A258)-SUMIFS('Chi Tiết Học Phí'!$N$4:$N$1023,'Chi Tiết Học Phí'!$A$4:$A$1023,A258) | I258: =SUMIFS('Chi Tiết Học Phí'!$O$4:$O$1023,'Chi Tiết Học Phí'!$A$4:$A$1023,A258) | J258: =SUMIFS('Chi Tiết Học Phí'!$P$4:$P$1023,'Chi Tiết Học Phí'!$A$4:$A$1023,A258) | K258: =IF(J258>0,"Còn nợ","Đã hoàn thành")
